Num.Enhancers,Gene_ID,Human
23,FBgn0000024,ENSG00000114200
31,FBgn0000028,ENSG00000165259
16,FBgn0000043,ENSG00000075624
2,FBgn0000052,ENSG00000178921
7,FBgn0000053,ENSG00000159131
10,FBgn0000055,ENSG00000164120
10,FBgn0000056,ENSG00000145439
2,FBgn0000064,ENSG00000136872
13,FBgn0000100,ENSG00000089157
2,FBgn0000108,ENSG00000142192
1,FBgn0000109,ENSG00000198931
15,FBgn0000114,ENSG00000101489
1,FBgn0000116,ENSG00000104879
2,FBgn0000119,ENSG00000197324
3,FBgn0000153,ENSG00000139631
26,FBgn0000163,ENSG00000148498
17,FBgn0000173,ENSG00000276380
1,FBgn0000181,ENSG00000134717
26,FBgn0000183,ENSG00000185963
5,FBgn0000212,ENSG00000080503
6,FBgn0000221,ENSG00000183778
2,FBgn0000228,ENSG00000101004
3,FBgn0000239,ENSG00000163655
15,FBgn0000250,ENSG00000100906
7,FBgn0000256,ENSG00000189132
10,FBgn0000257,ENSG00000256861
14,FBgn0000259,ENSG00000263020
6,FBgn0000283,ENSG00000100583
17,FBgn0000287,ENSG00000165804
22,FBgn0000303,ENSG00000070748
2,FBgn0000307,ENSG00000006634
10,FBgn0000308,ENSG00000176732
20,FBgn0000317,ENSG00000137474
11,FBgn0000318,ENSG00000129235
6,FBgn0000319,ENSG00000070371
7,FBgn0000320,ENSG00000158161
7,FBgn0000330,ENSG00000070718
16,FBgn0000376,ENSG00000261732
1,FBgn0000392,ENSG00000184708
4,FBgn0000404,ENSG00000138764
12,FBgn0000422,ENSG00000132437
6,FBgn0000442,ENSG00000165059
16,FBgn0000447,ENSG00000102967
3,FBgn0000455,ENSG00000124299
3,FBgn0000459,ENSG00000173068
13,FBgn0000479,ENSG00000184588
13,FBgn0000489,ENSG00000183943
28,FBgn0000535,ENSG00000284299
4,FBgn0000543,ENSG00000122882
7,FBgn0000559,ENSG00000167658
7,FBgn0000562,ENSG00000178997
2,FBgn0000565,ENSG00000148450
1,FBgn0000578,ENSG00000196405
46,FBgn0000579,ENSG00000108515
1,FBgn0000588,ENSG00000074266
2,FBgn0000618,ENSG00000120533
14,FBgn0000636,ENSG00000150637
2,FBgn0000658,ENSG00000179431
5,FBgn0000659,ENSG00000125798
1,FBgn0000662,ENSG00000146457
37,FBgn0000709,ENSG00000177731
2,FBgn0000964,ENSG00000185022
18,FBgn0001075,ENSG00000196159
32,FBgn0001079,ENSG00000163482
4,FBgn0001084,ENSG00000010361
38,FBgn0001085,ENSG00000162998
9,FBgn0001086,ENSG00000164287
10,FBgn0001087,ENSG00000065000
2,FBgn0001092,ENSG00000111640
11,FBgn0001099,ENSG00000278817
9,FBgn0001105,ENSG00000172354
23,FBgn0001108,ENSG00000264324
8,FBgn0001122,ENSG00000087258
1,FBgn0001125,ENSG00000125166
3,FBgn0001139,ENSG00000104953
5,FBgn0001145,ENSG00000135821
1,FBgn0001149,ENSG00000155962
3,FBgn0001170,ENSG00000136630
24,FBgn0001179,ENSG00000163161
15,FBgn0001187,ENSG00000159399
4,FBgn0001197,ENSG00000164032
3,FBgn0001206,ENSG00000253506
2,FBgn0001216,ENSG00000126803
3,FBgn0001218,ENSG00000044574
1,FBgn0001220,ENSG00000113013
1,FBgn0001226,ENSG00000004776
1,FBgn0001227,ENSG00000160202
4,FBgn0001235,ENSG00000176679
2,FBgn0001247,ENSG00000119912
6,FBgn0001248,ENSG00000138413
5,FBgn0001259,ENSG00000164066
3,FBgn0001269,ENSG00000163064
6,FBgn0001301,ENSG00000117153
2,FBgn0001319,ENSG00000221818
10,FBgn0001321,ENSG00000178726
5,FBgn0001324,ENSG00000184634
9,FBgn0001565,ENSG00000136271
7,FBgn0001624,ENSG00000082458
7,FBgn0001942,ENSG00000161960
22,FBgn0001961,ENSG00000284292
37,FBgn0001970,ENSG00000106648
25,FBgn0001977,ENSG00000005194
14,FBgn0001978,ENSG00000086102
1,FBgn0001986,ENSG00000039123
28,FBgn0001987,ENSG00000159398
12,FBgn0001995,ENSG00000105364
12,FBgn0002031,ENSG00000167085
18,FBgn0002036,ENSG00000088826
4,FBgn0002044,ENSG00000139746
24,FBgn0002069,ENSG00000115866
24,FBgn0002174,ENSG00000103423
1,FBgn0002413,ENSG00000283900
1,FBgn0002441,ENSG00000102098
5,FBgn0002521,ENSG00000100811
6,FBgn0002542,ENSG00000116830
5,FBgn0002552,ENSG00000140471
2,FBgn0002566,ENSG00000006715
16,FBgn0002590,ENSG00000083845
12,FBgn0002622,ENSG00000182093
6,FBgn0002641,ENSG00000075643
14,FBgn0002707,ENSG00000175595
15,FBgn0002716,ENSG00000054796
30,FBgn0002723,ENSG00000166049
11,FBgn0002734,ENSG00000135547
1,FBgn0002736,ENSG00000111196
7,FBgn0002774,ENSG00000135829
15,FBgn0002775,ENSG00000005302
21,FBgn0002778,ENSG00000165349
7,FBgn0002789,ENSG00000064666
1,FBgn0002899,ENSG00000163312
1,FBgn0002905,ENSG00000051341
2,FBgn0002914,ENSG00000185697
46,FBgn0002917,ENSG00000102452
1,FBgn0002922,ENSG00000111046
13,FBgn0002940,ENSG00000122375
17,FBgn0002941,ENSG00000180053
11,FBgn0002945,ENSG00000140807
9,FBgn0002948,ENSG00000138160
5,FBgn0002962,ENSG00000188613
2,FBgn0002989,ENSG00000085999
23,FBgn0003016,ENSG00000100106
11,FBgn0003028,ENSG00000172818
1,FBgn0003041,ENSG00000114346
11,FBgn0003053,ENSG00000124782
3,FBgn0003062,ENSG00000188573
34,FBgn0003068,ENSG00000179094
14,FBgn0003071,ENSG00000141959
14,FBgn0003074,ENSG00000105220
1,FBgn0003089,ENSG00000111962
11,FBgn0003090,ENSG00000012211
27,FBgn0003117,ENSG00000130700
1,FBgn0003124,ENSG00000166851
19,FBgn0003129,ENSG00000125813
2,FBgn0003141,ENSG00000150787
8,FBgn0003162,ENSG00000131979
3,FBgn0003169,ENSG00000139567
1,FBgn0003189,ENSG00000084774
1,FBgn0003206,ENSG00000126458
11,FBgn0003210,ENSG00000006125
2,FBgn0003227,ENSG00000286235
13,FBgn0003231,ENSG00000161011
26,FBgn0003256,ENSG00000100030
2,FBgn0003268,ENSG00000184445
1,FBgn0003275,ENSG00000100142
2,FBgn0003277,ENSG00000181222
16,FBgn0003279,ENSG00000174444
25,FBgn0003292,ENSG00000130714
30,FBgn0003308,ENSG00000158125
16,FBgn0003312,ENSG00000019186
10,FBgn0003321,ENSG00000147206
3,FBgn0003345,ENSG00000197905
1,FBgn0003360,ENSG00000151475
12,FBgn0003366,ENSG00000047936
1,FBgn0003401,ENSG00000077800
6,FBgn0003410,ENSG00000181788
16,FBgn0003415,ENSG00000108510
71,FBgn0003423,ENSG00000277196
6,FBgn0003430,ENSG00000183770
10,FBgn0003435,ENSG00000203867
2,FBgn0003447,ENSG00000106328
13,FBgn0003449,ENSG00000077312
5,FBgn0003460,ENSG00000126778
17,FBgn0003462,ENSG00000142168
16,FBgn0003464,ENSG00000103326
20,FBgn0003475,ENSG00000134278
5,FBgn0003480,ENSG00000126215
4,FBgn0003482,ENSG00000108384
3,FBgn0003507,ENSG00000141448
26,FBgn0003513,ENSG00000283321
4,FBgn0003525,ENSG00000164045
5,FBgn0003557,ENSG00000123124
1,FBgn0003612,ENSG00000078043
5,FBgn0003638,ENSG00000061936
11,FBgn0003656,ENSG00000130653
5,FBgn0003660,ENSG00000049245
2,FBgn0003676,ENSG00000120438
1,FBgn0003714,ENSG00000128626
4,FBgn0003716,ENSG00000138696
1,FBgn0003719,ENSG00000038295
2,FBgn0003744,ENSG00000112079
2,FBgn0003748,ENSG00000118094
2,FBgn0003866,ENSG00000182463
2,FBgn0003884,ENSG00000198033
15,FBgn0003891,ENSG00000180113
2,FBgn0003892,ENSG00000165186
1,FBgn0003900,ENSG00000122691
20,FBgn0003941,ENSG00000221983
3,FBgn0003969,ENSG00000145715
2,FBgn0003975,ENSG00000102243
3,FBgn0003977,ENSG00000164944
8,FBgn0004045,ENSG00000188992
8,FBgn0004057,ENSG00000160211
8,FBgn0004103,ENSG00000172531
4,FBgn0004107,ENSG00000250506
7,FBgn0004117,ENSG00000198467
15,FBgn0004169,ENSG00000130595
13,FBgn0004170,ENSG00000183734
1,FBgn0004177,ENSG00000104695
4,FBgn0004197,ENSG00000101384
33,FBgn0004198,ENSG00000111249
33,FBgn0004370,ENSG00000151490
14,FBgn0004374,ENSG00000118193
7,FBgn0004380,ENSG00000131437
17,FBgn0004381,ENSG00000101350
11,FBgn0004391,ENSG00000153107
24,FBgn0004394,ENSG00000203952
6,FBgn0004397,ENSG00000035403
15,FBgn0004401,ENSG00000148337
3,FBgn0004404,ENSG00000164587
2,FBgn0004406,ENSG00000140521
12,FBgn0004407,ENSG00000256525
1,FBgn0004431,ENSG00000151033
1,FBgn0004436,ENSG00000119048
26,FBgn0004449,ENSG00000103174
21,FBgn0004456,ENSG00000083457
1,FBgn0004507,ENSG00000100994
2,FBgn0004510,ENSG00000154727
9,FBgn0004573,ENSG00000148680
1,FBgn0004574,ENSG00000136854
15,FBgn0004577,ENSG00000115705
2,FBgn0004583,ENSG00000153303
1,FBgn0004644,ENSG00000139549
9,FBgn0004647,ENSG00000286219
4,FBgn0004648,ENSG00000108582
2,FBgn0004657,ENSG00000160255
1,FBgn0004687,ENSG00000198336
15,FBgn0004698,ENSG00000154767
3,FBgn0004797,ENSG00000185000
2,FBgn0004828,ENSG00000163041
2,FBgn0004832,ENSG00000136936
1,FBgn0004837,ENSG00000168214
7,FBgn0004838,ENSG00000071626
15,FBgn0004842,ENSG00000186867
6,FBgn0004856,ENSG00000100603
15,FBgn0004858,ENSG00000165655
12,FBgn0004868,ENSG00000203879
12,FBgn0004875,ENSG00000172995
13,FBgn0004878,ENSG00000130940
10,FBgn0004882,ENSG00000260836
1,FBgn0004885,ENSG00000107611
3,FBgn0004889,ENSG00000074211
8,FBgn0004901,ENSG00000128059
1,FBgn0004908,ENSG00000273003
1,FBgn0004913,ENSG00000035928
13,FBgn0004914,ENSG00000143171
2,FBgn0004919,ENSG00000170153
1,FBgn0004921,ENSG00000127920
5,FBgn0004926,ENSG00000125977
1,FBgn0004957,ENSG00000102312
10,FBgn0005198,ENSG00000103197
6,FBgn0005355,ENSG00000107882
6,FBgn0005427,ENSG00000106459
1,FBgn0005533,ENSG00000182774
6,FBgn0005536,ENSG00000077157
4,FBgn0005564,ENSG00000171385
2,FBgn0005593,ENSG00000146223
6,FBgn0005616,ENSG00000174579
1,FBgn0005619,ENSG00000140287
7,FBgn0005624,ENSG00000180628
4,FBgn0005636,ENSG00000078699
4,FBgn0005638,ENSG00000172216
20,FBgn0005648,ENSG00000258643
2,FBgn0005654,ENSG00000135336
1,FBgn0005655,ENSG00000132646
6,FBgn0005659,ENSG00000124664
4,FBgn0005666,ENSG00000129116
1,FBgn0005670,ENSG00000186115
1,FBgn0005671,ENSG00000147416
33,FBgn0005677,ENSG00000276644
4,FBgn0005695,ENSG00000138152
22,FBgn0005775,ENSG00000166897
9,FBgn0008635,ENSG00000129083
39,FBgn0010014,ENSG00000273398
1,FBgn0010015,ENSG00000107758
12,FBgn0010109,ENSG00000197921
7,FBgn0010113,ENSG00000112406
2,FBgn0010173,ENSG00000132383
52,FBgn0010194,ENSG00000188064
15,FBgn0010215,ENSG00000044115
5,FBgn0010220,ENSG00000105671
4,FBgn0010223,ENSG00000156052
18,FBgn0010226,ENSG00000163106
3,FBgn0010235,ENSG00000256500
38,FBgn0010247,ENSG00000143799
16,FBgn0010263,ENSG00000107105
8,FBgn0010265,ENSG00000110700
1,FBgn0010269,ENSG00000230626
5,FBgn0010280,ENSG00000141384
2,FBgn0010288,ENSG00000154277
13,FBgn0010309,ENSG00000186088
2,FBgn0010314,ENSG00000123975
8,FBgn0010329,ENSG00000123454
7,FBgn0010333,ENSG00000128340
5,FBgn0010350,ENSG00000163624
6,FBgn0010352,ENSG00000197444
7,FBgn0010355,ENSG00000147133
7,FBgn0010382,ENSG00000133101
35,FBgn0010387,ENSG00000107897
1,FBgn0010395,ENSG00000198542
10,FBgn0010408,ENSG00000170889
2,FBgn0010409,ENSG00000105640
36,FBgn0010411,ENSG00000231500
9,FBgn0010415,ENSG00000124145
1,FBgn0010421,ENSG00000188342
1,FBgn0010434,ENSG00000172159
4,FBgn0010453,ENSG00000002745
8,FBgn0010488,ENSG00000110321
11,FBgn0010504,ENSG00000123159
1,FBgn0010531,ENSG00000173992
4,FBgn0010548,ENSG00000132746
1,FBgn0010549,ENSG00000125257
20,FBgn0010551,ENSG00000215021
1,FBgn0010583,ENSG00000100351
2,FBgn0010590,ENSG00000101182
1,FBgn0010611,ENSG00000112972
1,FBgn0010638,ENSG00000106803
15,FBgn0010741,ENSG00000143256
2,FBgn0010747,ENSG00000100883
40,FBgn0010762,ENSG00000143614
1,FBgn0010770,ENSG00000243207
2,FBgn0010772,ENSG00000197976
6,FBgn0010786,ENSG00000256269
1,FBgn0010803,ENSG00000140105
10,FBgn0010825,ENSG00000142599
11,FBgn0010905,ENSG00000158528
3,FBgn0010909,ENSG00000154310
3,FBgn0011020,ENSG00000242220
1,FBgn0011205,ENSG00000125779
1,FBgn0011206,ENSG00000205916
1,FBgn0011207,ENSG00000152684
2,FBgn0011217,ENSG00000072401
3,FBgn0011224,ENSG00000119314
1,FBgn0011232,ENSG00000143952
2,FBgn0011272,ENSG00000167526
3,FBgn0011284,ENSG00000280969
11,FBgn0011286,ENSG00000096433
35,FBgn0011288,ENSG00000132639
2,FBgn0011289,ENSG00000165417
9,FBgn0011291,ENSG00000284283
3,FBgn0011361,ENSG00000004779
17,FBgn0011481,ENSG00000130511
11,FBgn0011573,ENSG00000106993
1,FBgn0011589,ENSG00000140015
8,FBgn0011591,ENSG00000100060
13,FBgn0011638,ENSG00000138385
9,FBgn0011648,ENSG00000120693
1,FBgn0011672,ENSG00000018280
2,FBgn0011674,ENSG00000188487
1,FBgn0011692,ENSG00000137807
43,FBgn0011708,ENSG00000162236
10,FBgn0011710,ENSG00000154997
2,FBgn0011715,ENSG00000099956
4,FBgn0011725,ENSG00000013523
5,FBgn0011726,ENSG00000125868
1,FBgn0011737,ENSG00000086232
8,FBgn0011739,ENSG00000131023
5,FBgn0011741,ENSG00000075089
3,FBgn0011745,ENSG00000138107
2,FBgn0011747,ENSG00000029534
6,FBgn0011760,ENSG00000088986
2,FBgn0011763,ENSG00000183434
4,FBgn0011766,ENSG00000007968
21,FBgn0011769,ENSG00000167807
5,FBgn0011770,ENSG00000178922
2,FBgn0011785,ENSG00000165288
16,FBgn0011802,ENSG00000064703
10,FBgn0011817,ENSG00000184343
1,FBgn0011818,ENSG00000184232
1,FBgn0011828,ENSG00000147485
5,FBgn0011836,ENSG00000064313
4,FBgn0011837,ENSG00000128016
5,FBgn0012034,ENSG00000131069
10,FBgn0012036,ENSG00000111275
18,FBgn0012037,ENSG00000264813
8,FBgn0012058,ENSG00000004897
1,FBgn0013269,ENSG00000141756
1,FBgn0013303,ENSG00000104490
7,FBgn0013308,ENSG00000155096
9,FBgn0013334,ENSG00000169895
2,FBgn0013343,ENSG00000166900
15,FBgn0013348,ENSG00000186976
7,FBgn0013563,ENSG00000127980
17,FBgn0013576,ENSG00000101342
6,FBgn0013717,ENSG00000124422
19,FBgn0013718,ENSG00000090565
12,FBgn0013726,ENSG00000122545
5,FBgn0013746,ENSG00000166200
2,FBgn0013749,ENSG00000004059
23,FBgn0013750,ENSG00000165527
16,FBgn0013759,ENSG00000130830
3,FBgn0013762,ENSG00000164885
2,FBgn0013799,ENSG00000177030
61,FBgn0013810,ENSG00000118997
11,FBgn0013812,ENSG00000007174
5,FBgn0013813,ENSG00000197653
6,FBgn0013954,ENSG00000088832
15,FBgn0013973,ENSG00000061918
1,FBgn0014006,ENSG00000180815
3,FBgn0014009,ENSG00000129472
1,FBgn0014010,ENSG00000267261
9,FBgn0014020,ENSG00000143878
11,FBgn0014024,ENSG00000075856
4,FBgn0014026,ENSG00000171490
20,FBgn0014028,ENSG00000117118
3,FBgn0014037,ENSG00000099330
7,FBgn0014092,ENSG00000196290
1,FBgn0014127,ENSG00000121152
18,FBgn0014163,ENSG00000146267
4,FBgn0014342,ENSG00000162227
9,FBgn0014395,ENSG00000129295
7,FBgn0014417,ENSG00000108784
1,FBgn0014427,ENSG00000135069
23,FBgn0014859,ENSG00000119508
11,FBgn0014863,ENSG00000129170
13,FBgn0014869,ENSG00000171314
2,FBgn0014877,ENSG00000109519
1,FBgn0014930,ENSG00000135002
3,FBgn0014949,ENSG00000106511
1,FBgn0015000,ENSG00000164219
42,FBgn0015008,ENSG00000100014
43,FBgn0015010,ENSG00000101074
56,FBgn0015011,ENSG00000168710
16,FBgn0015019,ENSG00000163468
6,FBgn0015024,ENSG00000113712
1,FBgn0015239,ENSG00000186350
1,FBgn0015240,ENSG00000025434
6,FBgn0015245,ENSG00000144381
1,FBgn0015247,ENSG00000101197
20,FBgn0015269,ENSG00000196712
1,FBgn0015270,ENSG00000115942
17,FBgn0015278,ENSG00000105851
1,FBgn0015283,ENSG00000159352
2,FBgn0015298,ENSG00000153037
23,FBgn0015351,ENSG00000101574
2,FBgn0015376,ENSG00000127586
5,FBgn0015379,ENSG00000127445
4,FBgn0015391,ENSG00000113810
2,FBgn0015396,ENSG00000109101
1,FBgn0015513,ENSG00000134516
24,FBgn0015521,ENSG00000171858
2,FBgn0015527,ENSG00000080608
37,FBgn0015546,ENSG00000095002
30,FBgn0015550,ENSG00000125533
82,FBgn0015558,ENSG00000136295
2,FBgn0015574,ENSG00000165246
8,FBgn0015589,ENSG00000134982
3,FBgn0015618,ENSG00000155111
5,FBgn0015621,ENSG00000160917
1,FBgn0015625,ENSG00000147082
6,FBgn0015721,ENSG00000104804
4,FBgn0015737,ENSG00000101474
6,FBgn0015756,ENSG00000163682
52,FBgn0015774,ENSG00000162068
6,FBgn0015777,ENSG00000143153
5,FBgn0015778,ENSG00000138757
4,FBgn0015781,ENSG00000104524
14,FBgn0015791,ENSG00000119396
11,FBgn0015805,ENSG00000196591
2,FBgn0015831,ENSG00000176381
2,FBgn0015834,ENSG00000084623
4,FBgn0015872,ENSG00000161798
1,FBgn0015905,ENSG00000034533
2,FBgn0015924,ENSG00000073060
4,FBgn0015949,ENSG00000218823
31,FBgn0016013,ENSG00000103876
3,FBgn0016031,ENSG00000151176
1,FBgn0016038,ENSG00000155975
2,FBgn0016076,ENSG00000165030
14,FBgn0016081,ENSG00000075539
13,FBgn0016120,ENSG00000167863
1,FBgn0016123,ENSG00000162551
2,FBgn0016126,ENSG00000183049
56,FBgn0016650,ENSG00000165409
6,FBgn0016672,ENSG00000151689
1,FBgn0016694,ENSG00000167074
6,FBgn0016696,ENSG00000008128
5,FBgn0016698,ENSG00000119383
5,FBgn0016726,ENSG00000162244
1,FBgn0016754,ENSG00000166987
24,FBgn0016756,ENSG00000170242
7,FBgn0016797,ENSG00000106483
67,FBgn0016930,ENSG00000272921
3,FBgn0016978,ENSG00000104852
1,FBgn0016983,ENSG00000143748
3,FBgn0016984,ENSG00000143398
45,FBgn0017418,ENSG00000166233
1,FBgn0017456,ENSG00000156587
2,FBgn0017482,ENSG00000285791
23,FBgn0017545,ENSG00000145425
1,FBgn0017551,ENSG00000112029
1,FBgn0017558,ENSG00000067992
29,FBgn0017561,ENSG00000152315
23,FBgn0017566,ENSG00000023228
1,FBgn0017567,ENSG00000110717
19,FBgn0017581,ENSG00000099875
2,FBgn0019624,ENSG00000178741
9,FBgn0019644,ENSG00000116459
1,FBgn0019662,ENSG00000152904
1,FBgn0019686,ENSG00000183765
35,FBgn0019809,ENSG00000137270
16,FBgn0019890,ENSG00000198952
1,FBgn0019938,ENSG00000068654
1,FBgn0019949,ENSG00000136807
2,FBgn0019960,ENSG00000132305
4,FBgn0019985,ENSG00000124493
3,FBgn0019990,ENSG00000128829
2,FBgn0020018,ENSG00000143224
9,FBgn0020224,ENSG00000142273
1,FBgn0020235,ENSG00000165629
1,FBgn0020236,ENSG00000131473
9,FBgn0020238,ENSG00000108953
24,FBgn0020251,ENSG00000164100
3,FBgn0020261,ENSG00000114127
3,FBgn0020270,ENSG00000020922
7,FBgn0020272,ENSG00000125459
5,FBgn0020278,ENSG00000148908
2,FBgn0020279,ENSG00000137073
21,FBgn0020294,ENSG00000173320
25,FBgn0020299,ENSG00000153064
12,FBgn0020307,ENSG00000119042
9,FBgn0020379,ENSG00000080298
6,FBgn0020385,ENSG00000065911
4,FBgn0020386,ENSG00000140992
9,FBgn0020389,ENSG00000138801
2,FBgn0020391,ENSG00000030304
1,FBgn0020392,ENSG00000152465
10,FBgn0020407,ENSG00000064102
20,FBgn0020412,ENSG00000072133
4,FBgn0020416,ENSG00000134216
33,FBgn0020493,ENSG00000101665
5,FBgn0020497,ENSG00000082898
43,FBgn0020503,ENSG00000130779
9,FBgn0020616,ENSG00000101972
6,FBgn0020618,ENSG00000204628
5,FBgn0020647,ENSG00000175115
42,FBgn0020660,ENSG00000063046
7,FBgn0020887,ENSG00000178691
4,FBgn0020910,ENSG00000100316
3,FBgn0021760,ENSG00000198718
1,FBgn0021765,ENSG00000072506
8,FBgn0021768,ENSG00000090273
1,FBgn0021795,ENSG00000180879
9,FBgn0021796,ENSG00000198793
9,FBgn0021825,ENSG00000175203
8,FBgn0021856,ENSG00000171953
1,FBgn0021944,ENSG00000080819
3,FBgn0021967,ENSG00000140990
4,FBgn0022023,ENSG00000147677
2,FBgn0022069,ENSG00000160208
1,FBgn0022097,ENSG00000100554
1,FBgn0022224,ENSG00000198258
2,FBgn0022288,ENSG00000105447
1,FBgn0022344,ENSG00000123472
6,FBgn0022359,ENSG00000140263
1,FBgn0022361,ENSG00000146676
12,FBgn0022710,ENSG00000162104
12,FBgn0022724,ENSG00000137413
21,FBgn0022768,ENSG00000170836
10,FBgn0022786,ENSG00000100084
2,FBgn0022936,ENSG00000129315
19,FBgn0022942,ENSG00000136937
5,FBgn0022943,ENSG00000170935
13,FBgn0022959,ENSG00000006047
4,FBgn0022960,ENSG00000138698
1,FBgn0022981,ENSG00000256394
1,FBgn0022987,ENSG00000112531
25,FBgn0023001,ENSG00000197415
2,FBgn0023023,ENSG00000147647
19,FBgn0023083,ENSG00000198648
9,FBgn0023090,ENSG00000154099
21,FBgn0023091,ENSG00000180535
32,FBgn0023096,ENSG00000187240
11,FBgn0023171,ENSG00000286905
1,FBgn0023172,ENSG00000076928
4,FBgn0023177,ENSG00000149923
14,FBgn0023216,ENSG00000227345
11,FBgn0023388,ENSG00000205726
1,FBgn0023416,ENSG00000138031
4,FBgn0023441,ENSG00000244462
1,FBgn0023477,ENSG00000177156
3,FBgn0023506,ENSG00000100056
2,FBgn0023531,ENSG00000120549
8,FBgn0023535,ENSG00000081181
3,FBgn0023536,ENSG00000135776
47,FBgn0024182,ENSG00000151806
10,FBgn0024187,ENSG00000138834
7,FBgn0024189,ENSG00000161270
1,FBgn0024191,ENSG00000100109
6,FBgn0024222,ENSG00000213341
1,FBgn0024230,ENSG00000153936
2,FBgn0024236,ENSG00000147804
11,FBgn0024238,ENSG00000136167
45,FBgn0024251,ENSG00000114439
13,FBgn0024288,ENSG00000184895
7,FBgn0024291,ENSG00000096717
2,FBgn0024314,ENSG00000137055
38,FBgn0024321,ENSG00000125820
3,FBgn0024326,ENSG00000065559
1,FBgn0024432,ENSG00000146425
40,FBgn0024491,ENSG00000150459
7,FBgn0024542,ENSG00000124160
2,FBgn0024555,ENSG00000224960
24,FBgn0024556,ENSG00000178952
7,FBgn0024558,ENSG00000117543
11,FBgn0024689,ENSG00000164597
62,FBgn0024733,ENSG00000165496
24,FBgn0024734,ENSG00000184007
11,FBgn0024811,ENSG00000167193
25,FBgn0024814,ENSG00000122705
12,FBgn0024836,ENSG00000075275
1,FBgn0024841,ENSG00000132570
1,FBgn0024846,ENSG00000112062
1,FBgn0024889,ENSG00000196911
5,FBgn0024909,ENSG00000102387
10,FBgn0024912,ENSG00000170430
4,FBgn0024920,ENSG00000176890
8,FBgn0024921,ENSG00000105576
4,FBgn0024947,ENSG00000188833
34,FBgn0024973,ENSG00000100325
13,FBgn0024975,ENSG00000088876
3,FBgn0024983,ENSG00000087502
5,FBgn0024991,ENSG00000147174
7,FBgn0024992,ENSG00000197912
16,FBgn0024994,ENSG00000102100
4,FBgn0024996,ENSG00000119718
2,FBgn0025109,ENSG00000139826
1,FBgn0025186,ENSG00000177479
5,FBgn0025373,ENSG00000160752
1,FBgn0025391,ENSG00000185053
10,FBgn0025456,ENSG00000175874
1,FBgn0025457,ENSG00000154473
3,FBgn0025463,ENSG00000066117
7,FBgn0025469,ENSG00000169241
2,FBgn0025549,ENSG00000109103
3,FBgn0025571,ENSG00000168066
9,FBgn0025573,ENSG00000213639
1,FBgn0025582,ENSG00000104408
1,FBgn0025608,ENSG00000113194
1,FBgn0025615,ENSG00000136827
1,FBgn0025625,ENSG00000170145
1,FBgn0025634,ENSG00000157259
1,FBgn0025638,ENSG00000100387
10,FBgn0025678,ENSG00000143870
4,FBgn0025681,ENSG00000151553
5,FBgn0025693,ENSG00000104154
41,FBgn0025720,ENSG00000107669
5,FBgn0025724,ENSG00000184432
4,FBgn0025741,ENSG00000130827
13,FBgn0025777,ENSG00000103942
1,FBgn0025781,ENSG00000130177
4,FBgn0025808,ENSG00000152942
8,FBgn0025814,ENSG00000008394
4,FBgn0025820,ENSG00000143543
4,FBgn0025836,ENSG00000186716
2,FBgn0025864,ENSG00000137145
2,FBgn0025866,ENSG00000162949
11,FBgn0025874,ENSG00000196456
4,FBgn0025879,ENSG00000100234
12,FBgn0025885,ENSG00000105655
21,FBgn0026059,ENSG00000196535
7,FBgn0026079,ENSG00000037474
1,FBgn0026086,ENSG00000140955
2,FBgn0026143,ENSG00000093009
1,FBgn0026149,ENSG00000110987
12,FBgn0026150,ENSG00000108039
17,FBgn0026160,ENSG00000108175
4,FBgn0026175,ENSG00000113558
22,FBgn0026179,ENSG00000100055
3,FBgn0026192,ENSG00000178184
1,FBgn0026199,ENSG00000156574
4,FBgn0026207,ENSG00000108559
26,FBgn0026238,ENSG00000171621
4,FBgn0026252,ENSG00000205339
1,FBgn0026317,ENSG00000165699
1,FBgn0026319,ENSG00000076604
3,FBgn0026361,ENSG00000186522
4,FBgn0026369,ENSG00000157077
6,FBgn0026371,ENSG00000142731
36,FBgn0026373,ENSG00000102978
1,FBgn0026374,ENSG00000131941
4,FBgn0026378,ENSG00000188419
24,FBgn0026401,ENSG00000164190
21,FBgn0026403,ENSG00000130164
12,FBgn0026404,ENSG00000255501
1,FBgn0026418,ENSG00000120694
13,FBgn0026428,ENSG00000094631
10,FBgn0026430,ENSG00000130640
6,FBgn0026432,ENSG00000128159
3,FBgn0026433,ENSG00000275835
4,FBgn0026441,ENSG00000171843
19,FBgn0026562,ENSG00000152583
19,FBgn0026566,ENSG00000141378
2,FBgn0026582,ENSG00000149136
10,FBgn0026616,ENSG00000196547
2,FBgn0026634,ENSG00000135775
4,FBgn0026702,ENSG00000104356
53,FBgn0026713,ENSG00000140829
3,FBgn0026722,ENSG00000113360
1,FBgn0026737,ENSG00000169621
4,FBgn0026749,ENSG00000119801
2,FBgn0026761,ENSG00000126602
3,FBgn0026778,ENSG00000113456
1,FBgn0026876,ENSG00000013573
1,FBgn0027054,ENSG00000138663
1,FBgn0027055,ENSG00000141030
1,FBgn0027066,ENSG00000166974
29,FBgn0027073,ENSG00000109181
15,FBgn0027079,ENSG00000204394
28,FBgn0027081,ENSG00000185418
61,FBgn0027083,ENSG00000247626
24,FBgn0027084,ENSG00000065427
6,FBgn0027085,ENSG00000011376
17,FBgn0027087,ENSG00000112855
2,FBgn0027088,ENSG00000106105
4,FBgn0027101,ENSG00000160396
40,FBgn0027279,ENSG00000145725
5,FBgn0027287,ENSG00000100815
2,FBgn0027329,ENSG00000132141
1,FBgn0027330,ENSG00000135372
2,FBgn0027334,ENSG00000115946
1,FBgn0027335,ENSG00000107560
6,FBgn0027342,ENSG00000174804
17,FBgn0027348,ENSG00000140284
1,FBgn0027358,ENSG00000283977
1,FBgn0027359,ENSG00000150779
18,FBgn0027360,ENSG00000134809
12,FBgn0027375,ENSG00000108469
1,FBgn0027378,ENSG00000123562
1,FBgn0027453,ENSG00000102383
12,FBgn0027492,ENSG00000154001
2,FBgn0027497,ENSG00000126562
11,FBgn0027498,ENSG00000147036
6,FBgn0027499,ENSG00000166669
2,FBgn0027503,ENSG00000170322
33,FBgn0027505,ENSG00000118873
1,FBgn0027506,ENSG00000163719
19,FBgn0027507,ENSG00000000457
1,FBgn0027509,ENSG00000141556
6,FBgn0027515,ENSG00000163590
35,FBgn0027525,ENSG00000280148
1,FBgn0027526,ENSG00000164332
7,FBgn0027537,ENSG00000102900
5,FBgn0027539,ENSG00000105983
1,FBgn0027548,ENSG00000147140
6,FBgn0027549,ENSG00000141002
11,FBgn0027553,ENSG00000188986
16,FBgn0027575,ENSG00000136928
3,FBgn0027579,ENSG00000119927
3,FBgn0027581,ENSG00000134508
31,FBgn0027588,ENSG00000258461
6,FBgn0027596,ENSG00000107104
19,FBgn0027597,ENSG00000145990
6,FBgn0027598,ENSG00000147010
11,FBgn0027602,ENSG00000125485
5,FBgn0027608,ENSG00000101079
1,FBgn0027611,ENSG00000269242
3,FBgn0027615,ENSG00000155463
7,FBgn0027619,ENSG00000104131
23,FBgn0027621,ENSG00000158571
14,FBgn0027655,ENSG00000197386
1,FBgn0027657,ENSG00000198125
27,FBgn0027780,ENSG00000157426
11,FBgn0027785,ENSG00000147123
10,FBgn0027836,ENSG00000100226
6,FBgn0027841,ENSG00000101811
19,FBgn0027844,ENSG00000104267
6,FBgn0027864,ENSG00000114026
1,FBgn0027873,ENSG00000165934
26,FBgn0027889,ENSG00000180138
3,FBgn0027903,ENSG00000106628
2,FBgn0027949,ENSG00000111665
1,FBgn0027951,ENSG00000182979
1,FBgn0028325,ENSG00000131828
32,FBgn0028331,ENSG00000120594
13,FBgn0028343,ENSG00000176915
1,FBgn0028360,ENSG00000097046
29,FBgn0028369,ENSG00000149571
5,FBgn0028375,ENSG00000120942
1,FBgn0028380,ENSG00000101347
2,FBgn0028397,ENSG00000183864
5,FBgn0028402,ENSG00000058600
1,FBgn0028406,ENSG00000169598
1,FBgn0028408,ENSG00000176194
17,FBgn0028411,ENSG00000101888
7,FBgn0028421,ENSG00000075945
1,FBgn0028434,ENSG00000012061
3,FBgn0028436,ENSG00000130159
4,FBgn0028467,ENSG00000110344
11,FBgn0028473,ENSG00000107937
9,FBgn0028474,ENSG00000119707
2,FBgn0028479,ENSG00000084754
34,FBgn0028480,ENSG00000167695
12,FBgn0028484,ENSG00000061938
16,FBgn0028491,ENSG00000110446
5,FBgn0028499,ENSG00000169660
12,FBgn0028507,ENSG00000205629
25,FBgn0028515,ENSG00000079246
35,FBgn0028516,ENSG00000196660
4,FBgn0028527,ENSG00000157693
17,FBgn0028530,ENSG00000127989
14,FBgn0028538,ENSG00000120645
1,FBgn0028546,ENSG00000148484
2,FBgn0028550,ENSG00000170345
8,FBgn0028579,ENSG00000006576
7,FBgn0028582,ENSG00000176177
8,FBgn0028646,ENSG00000115840
1,FBgn0028648,ENSG00000136897
3,FBgn0028662,ENSG00000117410
4,FBgn0028664,ENSG00000171130
2,FBgn0028670,ENSG00000033627
4,FBgn0028686,ENSG00000013275
4,FBgn0028688,ENSG00000163636
4,FBgn0028690,ENSG00000197170
1,FBgn0028692,ENSG00000173692
8,FBgn0028695,ENSG00000175166
65,FBgn0028697,ENSG00000174748
22,FBgn0028699,ENSG00000140519
22,FBgn0028703,ENSG00000115616
43,FBgn0028704,ENSG00000074621
2,FBgn0028707,ENSG00000107614
1,FBgn0028737,ENSG00000104529
1,FBgn0028836,ENSG00000111652
57,FBgn0028878,ENSG00000141040
32,FBgn0028879,ENSG00000074855
33,FBgn0028894,ENSG00000197045
7,FBgn0028897,ENSG00000123154
58,FBgn0028916,ENSG00000070610
20,FBgn0028926,ENSG00000117505
13,FBgn0028962,ENSG00000124608
15,FBgn0028970,ENSG00000137955
11,FBgn0028978,ENSG00000101255
1,FBgn0028996,ENSG00000119547
1,FBgn0029006,ENSG00000108854
1,FBgn0029092,ENSG00000144366
14,FBgn0029121,ENSG00000173653
1,FBgn0029131,ENSG00000176720
1,FBgn0029133,ENSG00000092010
5,FBgn0029155,ENSG00000082212
7,FBgn0029161,ENSG00000101166
14,FBgn0029176,ENSG00000254772
25,FBgn0029629,ENSG00000130811
14,FBgn0029648,ENSG00000204228
5,FBgn0029662,ENSG00000215203
19,FBgn0029664,ENSG00000266967
1,FBgn0029665,ENSG00000142444
5,FBgn0029666,ENSG00000116747
6,FBgn0029672,ENSG00000184967
6,FBgn0029685,ENSG00000127995
2,FBgn0029687,ENSG00000124164
10,FBgn0029689,ENSG00000166183
6,FBgn0029693,ENSG00000137200
27,FBgn0029708,ENSG00000134827
19,FBgn0029712,ENSG00000119431
9,FBgn0029713,ENSG00000052841
3,FBgn0029714,ENSG00000126749
37,FBgn0029723,ENSG00000180269
2,FBgn0029736,ENSG00000145348
2,FBgn0029737,ENSG00000165102
17,FBgn0029745,ENSG00000130706
13,FBgn0029755,ENSG00000132467
21,FBgn0029756,ENSG00000205593
10,FBgn0029761,ENSG00000080709
3,FBgn0029778,ENSG00000285162
2,FBgn0029783,ENSG00000089163
5,FBgn0029785,ENSG00000136942
1,FBgn0029789,ENSG00000187944
1,FBgn0029798,ENSG00000026036
2,FBgn0029818,ENSG00000197858
1,FBgn0029881,ENSG00000185340
10,FBgn0029897,ENSG00000215472
11,FBgn0029905,ENSG00000066136
14,FBgn0029907,ENSG00000124788
29,FBgn0029909,ENSG00000196639
20,FBgn0029911,ENSG00000180233
2,FBgn0029929,ENSG00000147419
4,FBgn0029936,ENSG00000185404
7,FBgn0029941,ENSG00000158545
1,FBgn0029943,ENSG00000057663
5,FBgn0029950,ENSG00000198743
1,FBgn0029958,ENSG00000100614
1,FBgn0029969,ENSG00000075239
3,FBgn0029992,ENSG00000151461
13,FBgn0029996,ENSG00000186591
32,FBgn0029997,ENSG00000213672
1,FBgn0029999,ENSG00000136891
1,FBgn0030000,ENSG00000227057
1,FBgn0030004,ENSG00000157856
4,FBgn0030007,ENSG00000179115
30,FBgn0030011,ENSG00000069966
10,FBgn0030027,ENSG00000154646
1,FBgn0030035,ENSG00000124155
2,FBgn0030037,ENSG00000148343
1,FBgn0030038,ENSG00000108578
7,FBgn0030041,ENSG00000116096
2,FBgn0030049,ENSG00000112941
2,FBgn0030061,ENSG00000105373
1,FBgn0030063,ENSG00000183520
1,FBgn0030066,ENSG00000188690
10,FBgn0030077,ENSG00000061337
18,FBgn0030081,ENSG00000108651
2,FBgn0030082,ENSG00000122565
3,FBgn0030087,ENSG00000067177
5,FBgn0030089,ENSG00000213983
1,FBgn0030092,ENSG00000165060
12,FBgn0030093,ENSG00000073584
1,FBgn0030122,ENSG00000094914
28,FBgn0030136,ENSG00000233927
3,FBgn0030141,ENSG00000100083
8,FBgn0030151,ENSG00000138430
9,FBgn0030170,ENSG00000107290
22,FBgn0030177,ENSG00000141101
3,FBgn0030178,ENSG00000258674
54,FBgn0030181,ENSG00000089486
39,FBgn0030183,ENSG00000175155
2,FBgn0030196,ENSG00000181938
3,FBgn0030228,ENSG00000132640
22,FBgn0030230,ENSG00000181031
6,FBgn0030239,ENSG00000130313
18,FBgn0030245,ENSG00000183760
23,FBgn0030246,ENSG00000163214
40,FBgn0030247,ENSG00000160226
3,FBgn0030268,ENSG00000186638
1,FBgn0030269,ENSG00000167797
12,FBgn0030276,ENSG00000144635
6,FBgn0030286,ENSG00000165219
1,FBgn0030291,ENSG00000143633
2,FBgn0030300,ENSG00000100422
1,FBgn0030305,ENSG00000081307
14,FBgn0030314,ENSG00000170260
18,FBgn0030316,ENSG00000196350
6,FBgn0030321,ENSG00000204574
1,FBgn0030323,ENSG00000145781
7,FBgn0030327,ENSG00000033170
9,FBgn0030330,ENSG00000204347
10,FBgn0030342,ENSG00000120526
1,FBgn0030343,ENSG00000123191
6,FBgn0030344,ENSG00000078618
5,FBgn0030345,ENSG00000129221
14,FBgn0030347,ENSG00000241360
7,FBgn0030352,ENSG00000156170
8,FBgn0030354,ENSG00000005007
1,FBgn0030357,ENSG00000172731
30,FBgn0030358,ENSG00000165650
9,FBgn0030360,ENSG00000123096
16,FBgn0030361,ENSG00000099998
3,FBgn0030362,ENSG00000130988
24,FBgn0030365,ENSG00000171566
10,FBgn0030366,ENSG00000187555
21,FBgn0030377,ENSG00000153132
29,FBgn0030400,ENSG00000196132
3,FBgn0030406,ENSG00000117174
30,FBgn0030407,ENSG00000136877
29,FBgn0030412,ENSG00000145087
2,FBgn0030420,ENSG00000112701
30,FBgn0030421,ENSG00000169692
11,FBgn0030433,ENSG00000149792
1,FBgn0030434,ENSG00000100916
8,FBgn0030435,ENSG00000058799
24,FBgn0030449,ENSG00000132446
19,FBgn0030455,ENSG00000168795
5,FBgn0030456,ENSG00000049656
14,FBgn0030457,ENSG00000095261
3,FBgn0030467,ENSG00000213722
5,FBgn0030474,ENSG00000126653
31,FBgn0030477,ENSG00000173253
17,FBgn0030478,ENSG00000166123
1,FBgn0030479,ENSG00000112081
7,FBgn0030485,ENSG00000170271
7,FBgn0030486,ENSG00000152455
8,FBgn0030499,ENSG00000105778
2,FBgn0030502,ENSG00000156650
25,FBgn0030503,ENSG00000183597
3,FBgn0030504,ENSG00000052749
12,FBgn0030505,ENSG00000102908
32,FBgn0030506,ENSG00000174405
1,FBgn0030507,ENSG00000136104
21,FBgn0030512,ENSG00000172890
1,FBgn0030514,ENSG00000102858
6,FBgn0030522,ENSG00000169490
1,FBgn0030545,ENSG00000112514
4,FBgn0030552,ENSG00000204316
5,FBgn0030554,ENSG00000167264
42,FBgn0030555,ENSG00000112234
12,FBgn0030556,ENSG00000111880
7,FBgn0030558,ENSG00000198650
19,FBgn0030571,ENSG00000119446
24,FBgn0030572,ENSG00000131368
53,FBgn0030573,ENSG00000172113
40,FBgn0030576,ENSG00000139508
6,FBgn0030582,ENSG00000100330
1,FBgn0030584,ENSG00000182512
2,FBgn0030608,ENSG00000147872
45,FBgn0030613,ENSG00000110514
26,FBgn0030625,ENSG00000119720
2,FBgn0030630,ENSG00000111845
8,FBgn0030634,ENSG00000187210
4,FBgn0030638,ENSG00000126903
1,FBgn0030641,ENSG00000106086
1,FBgn0030645,ENSG00000172339
1,FBgn0030655,ENSG00000152404
1,FBgn0030658,ENSG00000059769
2,FBgn0030662,ENSG00000198108
5,FBgn0030669,ENSG00000148950
3,FBgn0030671,ENSG00000277150
1,FBgn0030679,ENSG00000213221
1,FBgn0030685,ENSG00000165895
1,FBgn0030687,ENSG00000148606
4,FBgn0030699,ENSG00000093167
2,FBgn0030731,ENSG00000133835
1,FBgn0030753,ENSG00000134882
1,FBgn0030768,ENSG00000189362
1,FBgn0030786,ENSG00000082515
1,FBgn0030787,ENSG00000074657
1,FBgn0030789,ENSG00000123737
3,FBgn0030799,ENSG00000103316
3,FBgn0030800,ENSG00000114388
1,FBgn0030801,ENSG00000241258
4,FBgn0030805,ENSG00000178401
2,FBgn0030806,ENSG00000126970
3,FBgn0030808,ENSG00000161800
1,FBgn0030809,ENSG00000024048
1,FBgn0030812,ENSG00000095787
21,FBgn0030833,ENSG00000047188
22,FBgn0030839,ENSG00000167280
2,FBgn0030850,ENSG00000166471
1,FBgn0030851,ENSG00000185298
2,FBgn0030853,ENSG00000178127
2,FBgn0030858,ENSG00000108506
3,FBgn0030864,ENSG00000168078
8,FBgn0030869,ENSG00000274211
2,FBgn0030871,ENSG00000163918
2,FBgn0030872,ENSG00000153291
1,FBgn0030873,ENSG00000145428
1,FBgn0030878,ENSG00000173545
2,FBgn0030883,ENSG00000242114
4,FBgn0030891,ENSG00000171148
5,FBgn0030892,ENSG00000116668
7,FBgn0030893,ENSG00000165322
6,FBgn0030894,ENSG00000141971
18,FBgn0030915,ENSG00000142546
14,FBgn0030930,ENSG00000174473
57,FBgn0030932,ENSG00000149435
2,FBgn0030943,ENSG00000163002
3,FBgn0030944,ENSG00000101193
2,FBgn0030945,ENSG00000071243
5,FBgn0030946,ENSG00000156162
12,FBgn0030947,ENSG00000188886
26,FBgn0030954,ENSG00000110148
18,FBgn0030955,ENSG00000103187
1,FBgn0030956,ENSG00000100227
6,FBgn0030960,ENSG00000123395
18,FBgn0030964,ENSG00000100311
13,FBgn0030966,ENSG00000139531
3,FBgn0030968,ENSG00000169738
3,FBgn0030969,ENSG00000168883
9,FBgn0030973,ENSG00000148481
6,FBgn0030984,ENSG00000106392
2,FBgn0030990,ENSG00000136770
5,FBgn0030995,ENSG00000256407
27,FBgn0030997,ENSG00000148985
1,FBgn0031003,ENSG00000118894
31,FBgn0031005,ENSG00000162040
15,FBgn0031006,ENSG00000164327
6,FBgn0031012,ENSG00000147100
13,FBgn0031020,ENSG00000172766
3,FBgn0031021,ENSG00000164258
11,FBgn0031036,ENSG00000111707
1,FBgn0031041,ENSG00000179988
3,FBgn0031042,ENSG00000204193
2,FBgn0031045,ENSG00000173868
4,FBgn0031051,ENSG00000124571
8,FBgn0031052,ENSG00000153207
12,FBgn0031057,ENSG00000135018
1,FBgn0031058,ENSG00000100100
24,FBgn0031064,ENSG00000013293
30,FBgn0031065,ENSG00000188760
3,FBgn0031077,ENSG00000115970
5,FBgn0031078,ENSG00000155561
1,FBgn0031091,ENSG00000092140
4,FBgn0031092,ENSG00000104823
1,FBgn0031094,ENSG00000143155
1,FBgn0031099,ENSG00000259784
2,FBgn0031106,ENSG00000124222
21,FBgn0031107,ENSG00000128731
1,FBgn0031114,ENSG00000105298
23,FBgn0031115,ENSG00000103671
7,FBgn0031117,ENSG00000159212
51,FBgn0031118,ENSG00000275832
10,FBgn0031143,ENSG00000167699
5,FBgn0031145,ENSG00000102898
22,FBgn0031148,ENSG00000160200
2,FBgn0031149,ENSG00000134910
61,FBgn0031150,ENSG00000112276
59,FBgn0031157,ENSG00000166192
37,FBgn0031183,ENSG00000127526
45,FBgn0031187,ENSG00000143258
30,FBgn0031188,ENSG00000177150
14,FBgn0031189,ENSG00000145331
6,FBgn0031191,ENSG00000103540
32,FBgn0031194,ENSG00000164088
9,FBgn0031196,ENSG00000103351
1,FBgn0031214,ENSG00000100097
2,FBgn0031248,ENSG00000168928
2,FBgn0031255,ENSG00000165533
1,FBgn0031256,ENSG00000283149
1,FBgn0031260,ENSG00000101294
17,FBgn0031263,ENSG00000100300
5,FBgn0031266,ENSG00000115524
1,FBgn0031282,ENSG00000108733
7,FBgn0031286,ENSG00000274523
27,FBgn0031299,ENSG00000177453
1,FBgn0031304,ENSG00000036054
2,FBgn0031309,ENSG00000111358
2,FBgn0031314,ENSG00000138614
2,FBgn0031315,ENSG00000124733
12,FBgn0031319,ENSG00000182872
6,FBgn0031321,ENSG00000213339
6,FBgn0031322,ENSG00000172404
9,FBgn0031344,ENSG00000156313
2,FBgn0031356,ENSG00000148358
1,FBgn0031357,ENSG00000175581
2,FBgn0031361,ENSG00000147679
1,FBgn0031378,ENSG00000111911
1,FBgn0031379,ENSG00000116685
15,FBgn0031381,ENSG00000119655
21,FBgn0031384,ENSG00000119682
8,FBgn0031390,ENSG00000125676
3,FBgn0031397,ENSG00000155893
4,FBgn0031399,ENSG00000164654
1,FBgn0031401,ENSG00000163239
1,FBgn0031428,ENSG00000168237
27,FBgn0031437,ENSG00000136950
2,FBgn0031449,ENSG00000160179
5,FBgn0031450,ENSG00000185359
19,FBgn0031452,ENSG00000273559
1,FBgn0031456,ENSG00000064419
2,FBgn0031459,ENSG00000137133
1,FBgn0031463,ENSG00000131482
2,FBgn0031484,ENSG00000183479
21,FBgn0031494,ENSG00000171806
2,FBgn0031495,ENSG00000184307
19,FBgn0031496,ENSG00000198089
5,FBgn0031497,ENSG00000031698
31,FBgn0031500,ENSG00000130347
10,FBgn0031505,ENSG00000259112
39,FBgn0031519,ENSG00000102781
1,FBgn0031530,ENSG00000143641
6,FBgn0031534,ENSG00000089006
4,FBgn0031536,ENSG00000136152
4,FBgn0031540,ENSG00000140451
9,FBgn0031550,ENSG00000114446
1,FBgn0031566,ENSG00000125772
6,FBgn0031574,ENSG00000135912
4,FBgn0031575,ENSG00000182504
22,FBgn0031589,ENSG00000147813
2,FBgn0031590,ENSG00000104853
1,FBgn0031601,ENSG00000141759
3,FBgn0031611,ENSG00000112367
2,FBgn0031620,ENSG00000163632
2,FBgn0031622,ENSG00000189401
2,FBgn0031628,ENSG00000169249
1,FBgn0031631,ENSG00000101452
1,FBgn0031633,ENSG00000168522
2,FBgn0031634,ENSG00000171189
2,FBgn0031635,ENSG00000149547
2,FBgn0031643,ENSG00000101782
1,FBgn0031649,ENSG00000104044
1,FBgn0031651,ENSG00000143314
4,FBgn0031660,ENSG00000086504
1,FBgn0031663,ENSG00000125877
1,FBgn0031668,ENSG00000106400
1,FBgn0031681,ENSG00000110328
8,FBgn0031682,ENSG00000157881
4,FBgn0031683,ENSG00000143575
2,FBgn0031684,ENSG00000145494
5,FBgn0031690,ENSG00000109680
4,FBgn0031703,ENSG00000167107
2,FBgn0031707,ENSG00000205084
3,FBgn0031708,ENSG00000075336
10,FBgn0031735,ENSG00000163803
4,FBgn0031736,ENSG00000129460
14,FBgn0031738,ENSG00000133424
14,FBgn0031752,ENSG00000144589
3,FBgn0031759,ENSG00000012817
5,FBgn0031762,ENSG00000095370
6,FBgn0031765,ENSG00000187676
7,FBgn0031766,ENSG00000214309
2,FBgn0031769,ENSG00000179051
1,FBgn0031771,ENSG00000167792
1,FBgn0031772,ENSG00000204619
5,FBgn0031773,ENSG00000159069
2,FBgn0031775,ENSG00000278535
2,FBgn0031776,ENSG00000113068
1,FBgn0031777,ENSG00000150456
1,FBgn0031779,ENSG00000138073
2,FBgn0031782,ENSG00000141499
2,FBgn0031784,ENSG00000139908
3,FBgn0031813,ENSG00000087008
2,FBgn0031816,ENSG00000163743
2,FBgn0031820,ENSG00000204209
1,FBgn0031824,ENSG00000105607
7,FBgn0031826,ENSG00000147119
15,FBgn0031829,ENSG00000101052
1,FBgn0031836,ENSG00000111906
2,FBgn0031848,ENSG00000169189
15,FBgn0031850,ENSG00000101230
1,FBgn0031857,ENSG00000092098
24,FBgn0031858,ENSG00000135709
1,FBgn0031865,ENSG00000164038
3,FBgn0031874,ENSG00000257315
1,FBgn0031875,ENSG00000197771
1,FBgn0031876,ENSG00000036549
3,FBgn0031882,ENSG00000137502
17,FBgn0031885,ENSG00000133895
6,FBgn0031893,ENSG00000107745
6,FBgn0031895,ENSG00000187866
13,FBgn0031896,ENSG00000215218
7,FBgn0031897,ENSG00000122490
9,FBgn0031902,ENSG00000115596
9,FBgn0031909,ENSG00000173559
17,FBgn0031947,ENSG00000182362
9,FBgn0031950,ENSG00000122557
1,FBgn0031968,ENSG00000152380
12,FBgn0031971,ENSG00000154079
1,FBgn0031972,ENSG00000186153
1,FBgn0031975,ENSG00000092295
1,FBgn0031986,ENSG00000235863
2,FBgn0032030,ENSG00000164091
1,FBgn0032031,ENSG00000101181
24,FBgn0032032,ENSG00000167220
22,FBgn0032036,ENSG00000111371
10,FBgn0032042,ENSG00000101134
2,FBgn0032053,ENSG00000111639
6,FBgn0032054,ENSG00000124217
3,FBgn0032059,ENSG00000156973
28,FBgn0032061,ENSG00000121691
1,FBgn0032076,ENSG00000126522
5,FBgn0032089,ENSG00000144580
5,FBgn0032101,ENSG00000180329
5,FBgn0032117,ENSG00000172728
3,FBgn0032119,ENSG00000138036
26,FBgn0032123,ENSG00000137571
32,FBgn0032129,ENSG00000149596
23,FBgn0032138,ENSG00000100029
17,FBgn0032147,ENSG00000161896
2,FBgn0032244,ENSG00000111445
1,FBgn0032290,ENSG00000022277
1,FBgn0032294,ENSG00000185883
1,FBgn0032297,ENSG00000198729
1,FBgn0032329,ENSG00000160310
29,FBgn0032339,ENSG00000103091
28,FBgn0032343,ENSG00000127415
10,FBgn0032350,ENSG00000092621
12,FBgn0032358,ENSG00000221988
2,FBgn0032363,ENSG00000151208
1,FBgn0032378,ENSG00000108100
6,FBgn0032382,ENSG00000138079
4,FBgn0032387,ENSG00000142102
32,FBgn0032388,ENSG00000175467
28,FBgn0032393,ENSG00000272897
3,FBgn0032394,ENSG00000165996
35,FBgn0032395,ENSG00000167716
3,FBgn0032408,ENSG00000117133
26,FBgn0032428,ENSG00000188343
6,FBgn0032429,ENSG00000226742
1,FBgn0032430,ENSG00000104907
18,FBgn0032444,ENSG00000115484
3,FBgn0032445,ENSG00000057757
27,FBgn0032447,ENSG00000100151
28,FBgn0032449,ENSG00000173638
1,FBgn0032450,ENSG00000145375
4,FBgn0032451,ENSG00000163293
3,FBgn0032467,ENSG00000130939
2,FBgn0032477,ENSG00000172269
1,FBgn0032478,ENSG00000160188
1,FBgn0032480,ENSG00000088298
2,FBgn0032482,ENSG00000185813
8,FBgn0032488,ENSG00000160392
6,FBgn0032499,ENSG00000198382
1,FBgn0032509,ENSG00000108010
1,FBgn0032512,ENSG00000145734
2,FBgn0032513,ENSG00000084090
2,FBgn0032514,ENSG00000065485
2,FBgn0032515,ENSG00000185736
16,FBgn0032517,ENSG00000077235
10,FBgn0032518,ENSG00000114391
17,FBgn0032519,ENSG00000101856
1,FBgn0032522,ENSG00000160688
8,FBgn0032524,ENSG00000074696
19,FBgn0032586,ENSG00000176410
30,FBgn0032593,ENSG00000144935
11,FBgn0032597,ENSG00000103274
34,FBgn0032614,ENSG00000103160
56,FBgn0032633,ENSG00000186001
10,FBgn0032635,ENSG00000259066
33,FBgn0032639,ENSG00000197253
5,FBgn0032640,ENSG00000025772
3,FBgn0032642,ENSG00000109270
2,FBgn0032643,ENSG00000130175
11,FBgn0032644,ENSG00000166896
39,FBgn0032646,ENSG00000123297
42,FBgn0032647,ENSG00000183833
22,FBgn0032652,ENSG00000166347
8,FBgn0032671,ENSG00000081692
1,FBgn0032681,ENSG00000152492
7,FBgn0032683,ENSG00000173546
1,FBgn0032689,ENSG00000124140
1,FBgn0032691,ENSG00000149474
1,FBgn0032704,ENSG00000243279
3,FBgn0032706,ENSG00000157551
2,FBgn0032723,ENSG00000140386
3,FBgn0032729,ENSG00000087299
1,FBgn0032744,ENSG00000011295
2,FBgn0032749,ENSG00000206422
5,FBgn0032750,ENSG00000288558
16,FBgn0032781,ENSG00000100220
6,FBgn0032783,ENSG00000124120
1,FBgn0032791,ENSG00000213965
1,FBgn0032793,ENSG00000174177
8,FBgn0032796,ENSG00000196914
2,FBgn0032799,ENSG00000000419
8,FBgn0032800,ENSG00000116198
2,FBgn0032809,ENSG00000114395
4,FBgn0032811,ENSG00000163344
8,FBgn0032816,ENSG00000189157
1,FBgn0032818,ENSG00000105793
3,FBgn0032820,ENSG00000130957
3,FBgn0032821,ENSG00000031081
4,FBgn0032822,ENSG00000134597
4,FBgn0032845,ENSG00000182378
5,FBgn0032846,ENSG00000121350
7,FBgn0032863,ENSG00000094880
3,FBgn0032864,ENSG00000137509
5,FBgn0032870,ENSG00000091640
1,FBgn0032871,ENSG00000089063
7,FBgn0032873,ENSG00000010165
3,FBgn0032876,ENSG00000140743
2,FBgn0032881,ENSG00000242110
7,FBgn0032882,ENSG00000204590
11,FBgn0032883,ENSG00000174953
15,FBgn0032886,ENSG00000168309
3,FBgn0032889,ENSG00000137106
4,FBgn0032891,ENSG00000248710
12,FBgn0032901,ENSG00000260272
5,FBgn0032907,ENSG00000065057
1,FBgn0032916,ENSG00000110917
1,FBgn0032922,ENSG00000132423
1,FBgn0032924,ENSG00000187609
4,FBgn0032934,ENSG00000172014
13,FBgn0032938,ENSG00000167106
11,FBgn0032940,ENSG00000175727
20,FBgn0032955,ENSG00000110721
2,FBgn0032961,ENSG00000100591
1,FBgn0032969,ENSG00000085377
4,FBgn0032987,ENSG00000122026
1,FBgn0032988,ENSG00000085721
8,FBgn0033005,ENSG00000107959
21,FBgn0033010,ENSG00000107175
11,FBgn0033017,ENSG00000109079
8,FBgn0033020,ENSG00000131055
8,FBgn0033029,ENSG00000088038
2,FBgn0033038,ENSG00000027001
67,FBgn0033047,ENSG00000197496
1,FBgn0033050,ENSG00000151092
14,FBgn0033052,ENSG00000114650
37,FBgn0033054,ENSG00000157600
2,FBgn0033055,ENSG00000285053
36,FBgn0033058,ENSG00000126010
43,FBgn0033060,ENSG00000167112
21,FBgn0033069,ENSG00000175390
29,FBgn0033074,ENSG00000130204
3,FBgn0033086,ENSG00000135469
1,FBgn0033087,ENSG00000138604
1,FBgn0033088,ENSG00000161395
12,FBgn0033092,ENSG00000164967
2,FBgn0033093,ENSG00000100027
2,FBgn0033096,ENSG00000141873
2,FBgn0033100,ENSG00000277972
1,FBgn0033117,ENSG00000147687
5,FBgn0033122,ENSG00000132522
33,FBgn0033153,ENSG00000130222
1,FBgn0033160,ENSG00000109606
2,FBgn0033166,ENSG00000144597
5,FBgn0033170,ENSG00000100078
3,FBgn0033174,ENSG00000124074
5,FBgn0033177,ENSG00000196663
8,FBgn0033184,ENSG00000101210
3,FBgn0033187,ENSG00000174227
5,FBgn0033188,ENSG00000196616
4,FBgn0033190,ENSG00000115159
1,FBgn0033214,ENSG00000184210
1,FBgn0033224,ENSG00000165506
2,FBgn0033226,ENSG00000011198
2,FBgn0033229,ENSG00000136932
2,FBgn0033233,ENSG00000107077
6,FBgn0033234,ENSG00000160190
18,FBgn0033235,ENSG00000165688
9,FBgn0033240,ENSG00000127720
1,FBgn0033241,ENSG00000080618
2,FBgn0033243,ENSG00000213123
3,FBgn0033244,ENSG00000168297
8,FBgn0033247,ENSG00000085415
6,FBgn0033252,ENSG00000198795
3,FBgn0033260,ENSG00000139842
2,FBgn0033266,ENSG00000180008
1,FBgn0033272,ENSG00000025039
6,FBgn0033274,ENSG00000256591
7,FBgn0033309,ENSG00000144320
2,FBgn0033316,ENSG00000119392
8,FBgn0033317,ENSG00000065548
12,FBgn0033324,ENSG00000089060
1,FBgn0033339,ENSG00000138674
4,FBgn0033351,ENSG00000164022
1,FBgn0033371,ENSG00000197506
1,FBgn0033373,ENSG00000152620
5,FBgn0033376,ENSG00000198677
18,FBgn0033378,ENSG00000265241
1,FBgn0033402,ENSG00000172936
1,FBgn0033447,ENSG00000141577
1,FBgn0033451,ENSG00000186205
9,FBgn0033486,ENSG00000143756
2,FBgn0033490,ENSG00000157036
10,FBgn0033500,ENSG00000169826
2,FBgn0033507,ENSG00000145220
3,FBgn0033518,ENSG00000167815
1,FBgn0033519,ENSG00000131097
3,FBgn0033528,ENSG00000211460
3,FBgn0033540,ENSG00000134759
1,FBgn0033544,ENSG00000258677
3,FBgn0033549,ENSG00000197774
1,FBgn0033550,ENSG00000205269
1,FBgn0033551,ENSG00000121644
2,FBgn0033555,ENSG00000134419
7,FBgn0033557,ENSG00000275464
16,FBgn0033564,ENSG00000124587
6,FBgn0033569,ENSG00000189420
6,FBgn0033570,ENSG00000184983
4,FBgn0033571,ENSG00000099817
3,FBgn0033581,ENSG00000178163
3,FBgn0033605,ENSG00000167515
4,FBgn0033607,ENSG00000114742
6,FBgn0033636,ENSG00000009954
7,FBgn0033654,ENSG00000131831
1,FBgn0033656,ENSG00000012174
14,FBgn0033661,ENSG00000112159
2,FBgn0033699,ENSG00000142534
2,FBgn0033741,ENSG00000111641
1,FBgn0033752,ENSG00000015171
1,FBgn0033761,ENSG00000172288
1,FBgn0033766,ENSG00000251184
2,FBgn0033769,ENSG00000100445
1,FBgn0033773,ENSG00000172680
11,FBgn0033782,ENSG00000126603
7,FBgn0033783,ENSG00000092871
3,FBgn0033784,ENSG00000188215
6,FBgn0033785,ENSG00000175311
5,FBgn0033806,ENSG00000118412
2,FBgn0033812,ENSG00000162928
1,FBgn0033813,ENSG00000163444
6,FBgn0033814,ENSG00000165661
4,FBgn0033816,ENSG00000132300
2,FBgn0033830,ENSG00000129151
1,FBgn0033859,ENSG00000076924
13,FBgn0033876,ENSG00000100321
19,FBgn0033879,ENSG00000127884
1,FBgn0033883,ENSG00000116353
1,FBgn0033884,ENSG00000163481
7,FBgn0033885,ENSG00000116288
7,FBgn0033887,ENSG00000173597
6,FBgn0033893,ENSG00000119640
1,FBgn0033918,ENSG00000007923
7,FBgn0033935,ENSG00000119487
2,FBgn0033948,ENSG00000168228
2,FBgn0033949,ENSG00000165475
1,FBgn0033961,ENSG00000065518
1,FBgn0033971,ENSG00000171169
4,FBgn0033973,ENSG00000107521
3,FBgn0033983,ENSG00000018510
7,FBgn0033985,ENSG00000158234
4,FBgn0033987,ENSG00000134996
1,FBgn0033988,ENSG00000175137
5,FBgn0033989,ENSG00000100347
3,FBgn0033994,ENSG00000127804
15,FBgn0033995,ENSG00000117262
16,FBgn0033996,ENSG00000010322
20,FBgn0034002,ENSG00000285000
49,FBgn0034005,ENSG00000077943
2,FBgn0034008,ENSG00000204438
9,FBgn0034009,ENSG00000068354
18,FBgn0034012,ENSG00000278570
20,FBgn0034013,ENSG00000124602
1,FBgn0034027,ENSG00000222011
1,FBgn0034029,ENSG00000070785
8,FBgn0034032,ENSG00000115084
2,FBgn0034035,ENSG00000144591
6,FBgn0034046,ENSG00000156795
4,FBgn0034051,ENSG00000089693
5,FBgn0034057,ENSG00000163812
1,FBgn0034058,ENSG00000166821
1,FBgn0034059,ENSG00000168701
1,FBgn0034060,ENSG00000121210
1,FBgn0034061,ENSG00000143222
1,FBgn0034062,ENSG00000020256
1,FBgn0034065,ENSG00000075914
1,FBgn0034066,ENSG00000134153
3,FBgn0034068,ENSG00000185104
8,FBgn0034071,ENSG00000182087
1,FBgn0034072,ENSG00000173402
2,FBgn0034073,ENSG00000162408
2,FBgn0034075,ENSG00000128203
1,FBgn0034141,ENSG00000175283
1,FBgn0034142,ENSG00000197601
1,FBgn0034180,ENSG00000164877
1,FBgn0034186,ENSG00000119041
4,FBgn0034214,ENSG00000145996
1,FBgn0034215,ENSG00000099810
1,FBgn0034225,ENSG00000135318
17,FBgn0034237,ENSG00000106263
2,FBgn0034258,ENSG00000205609
1,FBgn0034281,ENSG00000116151
1,FBgn0034282,ENSG00000136938
1,FBgn0034300,ENSG00000100207
2,FBgn0034315,ENSG00000105676
1,FBgn0034356,ENSG00000100889
2,FBgn0034360,ENSG00000213638
1,FBgn0034362,ENSG00000035141
1,FBgn0034366,ENSG00000197548
1,FBgn0034389,ENSG00000140563
6,FBgn0034411,ENSG00000197579
1,FBgn0034417,ENSG00000169919
3,FBgn0034420,ENSG00000157617
1,FBgn0034422,ENSG00000132275
1,FBgn0034430,ENSG00000267796
3,FBgn0034451,ENSG00000105254
11,FBgn0034452,ENSG00000157796
9,FBgn0034455,ENSG00000288534
23,FBgn0034459,ENSG00000213471
3,FBgn0034487,ENSG00000183690
7,FBgn0034488,ENSG00000131373
7,FBgn0034491,ENSG00000079435
1,FBgn0034495,ENSG00000136982
5,FBgn0034496,ENSG00000089737
7,FBgn0034497,ENSG00000075415
6,FBgn0034498,ENSG00000158966
1,FBgn0034519,ENSG00000166275
2,FBgn0034527,ENSG00000100897
1,FBgn0034532,ENSG00000272514
5,FBgn0034564,ENSG00000164167
12,FBgn0034566,ENSG00000122735
15,FBgn0034567,ENSG00000181027
1,FBgn0034570,ENSG00000066827
6,FBgn0034572,ENSG00000163714
2,FBgn0034580,ENSG00000064886
4,FBgn0034590,ENSG00000269313
4,FBgn0034592,ENSG00000203666
11,FBgn0034598,ENSG00000156304
2,FBgn0034618,ENSG00000162688
10,FBgn0034622,ENSG00000122507
1,FBgn0034626,ENSG00000162604
3,FBgn0034627,ENSG00000132394
6,FBgn0034629,ENSG00000168306
9,FBgn0034636,ENSG00000134504
1,FBgn0034641,ENSG00000145041
2,FBgn0034645,ENSG00000119013
26,FBgn0034646,ENSG00000101146
3,FBgn0034649,ENSG00000143315
1,FBgn0034650,ENSG00000175550
2,FBgn0034654,ENSG00000178982
11,FBgn0034657,ENSG00000172893
1,FBgn0034674,ENSG00000152749
2,FBgn0034688,ENSG00000146476
2,FBgn0034694,ENSG00000102445
3,FBgn0034703,ENSG00000110060
5,FBgn0034704,ENSG00000037637
25,FBgn0034720,ENSG00000189337
1,FBgn0034726,ENSG00000115350
3,FBgn0034727,ENSG00000132676
1,FBgn0034730,ENSG00000168447
5,FBgn0034734,ENSG00000120800
12,FBgn0034743,ENSG00000105193
2,FBgn0034748,ENSG00000137760
1,FBgn0034792,ENSG00000136758
4,FBgn0034793,ENSG00000145247
30,FBgn0034802,ENSG00000187969
7,FBgn0034814,ENSG00000198839
10,FBgn0034816,ENSG00000092850
4,FBgn0034817,ENSG00000132600
1,FBgn0034876,ENSG00000023734
4,FBgn0034879,ENSG00000130713
3,FBgn0034893,ENSG00000055950
33,FBgn0034902,ENSG00000111843
1,FBgn0034908,ENSG00000082068
7,FBgn0034914,ENSG00000185615
1,FBgn0034915,ENSG00000261582
1,FBgn0034968,ENSG00000197958
1,FBgn0034982,ENSG00000135040
2,FBgn0034986,ENSG00000249773
1,FBgn0034999,ENSG00000167114
1,FBgn0035032,ENSG00000241468
1,FBgn0035049,ENSG00000118113
8,FBgn0035099,ENSG00000149635
1,FBgn0035102,ENSG00000144455
3,FBgn0035104,ENSG00000189431
1,FBgn0035141,ENSG00000137168
2,FBgn0035142,ENSG00000110422
1,FBgn0035146,ENSG00000100003
2,FBgn0035165,ENSG00000185825
2,FBgn0035171,ENSG00000206432
7,FBgn0035181,ENSG00000117859
1,FBgn0035194,ENSG00000101003
2,FBgn0035199,ENSG00000166523
1,FBgn0035205,ENSG00000198730
1,FBgn0035206,ENSG00000118961
3,FBgn0035228,ENSG00000196850
1,FBgn0035243,ENSG00000149196
7,FBgn0035271,ENSG00000128534
3,FBgn0035272,ENSG00000259494
3,FBgn0035273,ENSG00000187726
5,FBgn0035283,ENSG00000180891
2,FBgn0035294,ENSG00000140259
3,FBgn0035318,ENSG00000141425
1,FBgn0035321,ENSG00000162144
6,FBgn0035334,ENSG00000100348
1,FBgn0035348,ENSG00000198805
1,FBgn0035355,ENSG00000112304
8,FBgn0035370,ENSG00000082014
4,FBgn0035374,ENSG00000061794
1,FBgn0035388,ENSG00000104679
3,FBgn0035397,ENSG00000152520
2,FBgn0035401,ENSG00000119523
3,FBgn0035422,ENSG00000108107
2,FBgn0035423,ENSG00000173812
2,FBgn0035424,ENSG00000138709
3,FBgn0035425,ENSG00000111110
1,FBgn0035432,ENSG00000164756
2,FBgn0035435,ENSG00000135845
1,FBgn0035436,ENSG00000106733
1,FBgn0035443,ENSG00000171763
1,FBgn0035444,ENSG00000164713
1,FBgn0035445,ENSG00000010404
1,FBgn0035449,ENSG00000080189
6,FBgn0035462,ENSG00000104613
1,FBgn0035464,ENSG00000069943
1,FBgn0035470,ENSG00000146574
1,FBgn0035471,ENSG00000205678
4,FBgn0035475,ENSG00000151881
35,FBgn0035476,ENSG00000227471
32,FBgn0035481,ENSG00000215397
5,FBgn0035483,ENSG00000090432
5,FBgn0035484,ENSG00000172456
1,FBgn0035488,ENSG00000140299
21,FBgn0035498,ENSG00000073712
1,FBgn0035515,ENSG00000260170
9,FBgn0035517,ENSG00000162976
3,FBgn0035518,ENSG00000170448
3,FBgn0035520,ENSG00000146007
19,FBgn0035523,ENSG00000143036
1,FBgn0035524,ENSG00000113460
4,FBgn0035526,ENSG00000155636
2,FBgn0035528,ENSG00000142188
1,FBgn0035532,ENSG00000066654
34,FBgn0035533,ENSG00000187239
30,FBgn0035537,ENSG00000186666
11,FBgn0035540,ENSG00000136874
5,FBgn0035575,ENSG00000100399
9,FBgn0035577,ENSG00000137821
14,FBgn0035586,ENSG00000197296
3,FBgn0035588,ENSG00000100867
34,FBgn0035590,ENSG00000172315
3,FBgn0035592,ENSG00000105583
8,FBgn0035593,ENSG00000180667
1,FBgn0035624,ENSG00000163875
2,FBgn0035627,ENSG00000135476
3,FBgn0035632,ENSG00000068120
1,FBgn0035638,ENSG00000167858
12,FBgn0035639,ENSG00000094841
2,FBgn0035640,ENSG00000164109
3,FBgn0035644,ENSG00000100479
3,FBgn0035674,ENSG00000179152
28,FBgn0035676,ENSG00000115165
29,FBgn0035677,ENSG00000173611
12,FBgn0035687,ENSG00000112238
6,FBgn0035688,ENSG00000100239
1,FBgn0035692,ENSG00000115128
3,FBgn0035693,ENSG00000083312
21,FBgn0035703,ENSG00000141452
6,FBgn0035704,ENSG00000156931
31,FBgn0035708,ENSG00000222009
1,FBgn0035714,ENSG00000126524
3,FBgn0035715,ENSG00000182149
25,FBgn0035719,ENSG00000116667
9,FBgn0035720,ENSG00000100201
5,FBgn0035722,ENSG00000101019
5,FBgn0035724,ENSG00000166596
47,FBgn0035741,ENSG00000256349
25,FBgn0035753,ENSG00000063177
10,FBgn0035754,ENSG00000136146
1,FBgn0035763,ENSG00000118855
1,FBgn0035766,ENSG00000122008
3,FBgn0035767,ENSG00000164073
2,FBgn0035771,ENSG00000025796
3,FBgn0035793,ENSG00000204463
2,FBgn0035798,ENSG00000188107
8,FBgn0035805,ENSG00000175606
4,FBgn0035812,ENSG00000138376
2,FBgn0035815,ENSG00000135218
1,FBgn0035823,ENSG00000163412
4,FBgn0035825,ENSG00000268279
15,FBgn0035833,ENSG00000243543
2,FBgn0035838,ENSG00000138231
1,FBgn0035839,ENSG00000181915
4,FBgn0035842,ENSG00000130589
6,FBgn0035848,ENSG00000115652
5,FBgn0035849,ENSG00000169083
8,FBgn0035850,ENSG00000070540
6,FBgn0035851,ENSG00000008838
2,FBgn0035854,ENSG00000285589
1,FBgn0035866,ENSG00000165997
3,FBgn0035871,ENSG00000139644
20,FBgn0035872,ENSG00000111605
1,FBgn0035876,ENSG00000164751
8,FBgn0035877,ENSG00000146350
7,FBgn0035889,ENSG00000164329
10,FBgn0035890,ENSG00000188566
7,FBgn0035900,ENSG00000014164
8,FBgn0035901,ENSG00000091127
1,FBgn0035907,ENSG00000133433
5,FBgn0035915,ENSG00000002549
1,FBgn0035918,ENSG00000094804
1,FBgn0035947,ENSG00000167881
2,FBgn0035951,ENSG00000214517
1,FBgn0035952,ENSG00000128346
2,FBgn0035953,ENSG00000151148
2,FBgn0035954,ENSG00000073861
3,FBgn0035960,ENSG00000163626
4,FBgn0035968,ENSG00000022567
3,FBgn0035977,ENSG00000161031
4,FBgn0035978,ENSG00000169764
12,FBgn0035980,ENSG00000148187
1,FBgn0035981,ENSG00000077458
1,FBgn0035993,ENSG00000001167
1,FBgn0035999,ENSG00000284626
2,FBgn0036018,ENSG00000122965
2,FBgn0036030,ENSG00000147224
13,FBgn0036043,ENSG00000050438
19,FBgn0036044,ENSG00000257207
1,FBgn0036053,ENSG00000184381
2,FBgn0036057,ENSG00000161654
19,FBgn0036058,ENSG00000165782
23,FBgn0036059,ENSG00000072864
6,FBgn0036063,ENSG00000184281
5,FBgn0036090,ENSG00000205423
1,FBgn0036096,ENSG00000106524
1,FBgn0036104,ENSG00000198231
1,FBgn0036105,ENSG00000124243
4,FBgn0036107,ENSG00000166595
34,FBgn0036111,ENSG00000173598
29,FBgn0036116,ENSG00000139209
3,FBgn0036118,ENSG00000196072
1,FBgn0036124,ENSG00000115816
12,FBgn0036133,ENSG00000064545
1,FBgn0036135,ENSG00000112651
3,FBgn0036136,ENSG00000070010
4,FBgn0036141,ENSG00000116729
26,FBgn0036142,ENSG00000173137
26,FBgn0036143,ENSG00000106125
4,FBgn0036147,ENSG00000106397
15,FBgn0036157,ENSG00000177000
10,FBgn0036165,ENSG00000145358
8,FBgn0036173,ENSG00000120675
29,FBgn0036180,ENSG00000068308
1,FBgn0036184,ENSG00000126226
5,FBgn0036187,ENSG00000124784
1,FBgn0036192,ENSG00000104164
8,FBgn0036194,ENSG00000108963
21,FBgn0036196,ENSG00000156804
18,FBgn0036202,ENSG00000203985
8,FBgn0036204,ENSG00000099800
1,FBgn0036207,ENSG00000153015
7,FBgn0036210,ENSG00000125652
4,FBgn0036213,ENSG00000198755
6,FBgn0036214,ENSG00000128408
1,FBgn0036236,ENSG00000134779
3,FBgn0036239,ENSG00000198791
8,FBgn0036240,ENSG00000181045
2,FBgn0036254,ENSG00000129347
6,FBgn0036255,ENSG00000145782
15,FBgn0036260,ENSG00000125510
4,FBgn0036262,ENSG00000100253
8,FBgn0036273,ENSG00000148384
4,FBgn0036278,ENSG00000109163
6,FBgn0036309,ENSG00000130787
2,FBgn0036314,ENSG00000104897
6,FBgn0036317,ENSG00000120658
23,FBgn0036319,ENSG00000164638
2,FBgn0036332,ENSG00000055130
1,FBgn0036333,ENSG00000100139
8,FBgn0036334,ENSG00000115541
3,FBgn0036341,ENSG00000171045
27,FBgn0036348,ENSG00000197748
2,FBgn0036354,ENSG00000164087
9,FBgn0036356,ENSG00000142751
9,FBgn0036366,ENSG00000243789
19,FBgn0036374,ENSG00000102710
11,FBgn0036386,ENSG00000076650
8,FBgn0036397,ENSG00000103148
19,FBgn0036398,ENSG00000005483
8,FBgn0036405,ENSG00000148300
7,FBgn0036415,ENSG00000108179
18,FBgn0036446,ENSG00000071073
1,FBgn0036451,ENSG00000198265
45,FBgn0036459,ENSG00000114054
31,FBgn0036461,ENSG00000139540
25,FBgn0036463,ENSG00000122707
41,FBgn0036465,ENSG00000099341
12,FBgn0036483,ENSG00000188895
1,FBgn0036486,ENSG00000116062
13,FBgn0036487,ENSG00000105618
15,FBgn0036489,ENSG00000125991
1,FBgn0036500,ENSG00000164934
1,FBgn0036505,ENSG00000112208
1,FBgn0036510,ENSG00000109184
14,FBgn0036512,ENSG00000109775
5,FBgn0036514,ENSG00000156697
2,FBgn0036515,ENSG00000106305
8,FBgn0036518,ENSG00000164691
6,FBgn0036519,ENSG00000163440
1,FBgn0036534,ENSG00000172795
5,FBgn0036536,ENSG00000186073
2,FBgn0036537,ENSG00000120963
13,FBgn0036544,ENSG00000174672
6,FBgn0036545,ENSG00000138308
7,FBgn0036549,ENSG00000162032
10,FBgn0036553,ENSG00000141401
5,FBgn0036556,ENSG00000175215
4,FBgn0036557,ENSG00000102738
4,FBgn0036565,ENSG00000079931
3,FBgn0036566,ENSG00000171365
4,FBgn0036568,ENSG00000110955
5,FBgn0036569,ENSG00000067704
3,FBgn0036570,ENSG00000104299
11,FBgn0036571,ENSG00000164961
2,FBgn0036574,ENSG00000176390
13,FBgn0036576,ENSG00000124225
4,FBgn0036579,ENSG00000125827
1,FBgn0036580,ENSG00000105185
10,FBgn0036614,ENSG00000165813
4,FBgn0036623,ENSG00000160216
9,FBgn0036652,ENSG00000244607
16,FBgn0036659,ENSG00000133116
5,FBgn0036661,ENSG00000172346
1,FBgn0036662,ENSG00000169359
1,FBgn0036667,ENSG00000134825
2,FBgn0036671,ENSG00000101997
18,FBgn0036684,ENSG00000052795
12,FBgn0036685,ENSG00000108091
3,FBgn0036686,ENSG00000165733
1,FBgn0036687,ENSG00000157578
5,FBgn0036691,ENSG00000100294
5,FBgn0036697,ENSG00000067836
4,FBgn0036710,ENSG00000146842
9,FBgn0036728,ENSG00000164405
6,FBgn0036733,ENSG00000136875
3,FBgn0036734,ENSG00000269955
5,FBgn0036735,ENSG00000179151
10,FBgn0036740,ENSG00000086065
29,FBgn0036741,ENSG00000163328
21,FBgn0036742,ENSG00000160951
28,FBgn0036746,ENSG00000105662
9,FBgn0036754,ENSG00000278053
40,FBgn0036756,ENSG00000188603
21,FBgn0036761,ENSG00000156603
41,FBgn0036762,ENSG00000091140
10,FBgn0036763,ENSG00000116874
7,FBgn0036770,ENSG00000145217
9,FBgn0036771,ENSG00000243667
4,FBgn0036772,ENSG00000018699
15,FBgn0036774,ENSG00000125901
13,FBgn0036775,ENSG00000168495
35,FBgn0036801,ENSG00000101445
8,FBgn0036811,ENSG00000161920
16,FBgn0036812,ENSG00000083635
8,FBgn0036813,ENSG00000144848
25,FBgn0036814,ENSG00000085185
2,FBgn0036816,ENSG00000158296
3,FBgn0036819,ENSG00000244274
7,FBgn0036821,ENSG00000197142
4,FBgn0036824,ENSG00000196177
7,FBgn0036825,ENSG00000263809
1,FBgn0036826,ENSG00000124196
22,FBgn0036830,ENSG00000111775
5,FBgn0036846,ENSG00000082213
1,FBgn0036848,ENSG00000213995
6,FBgn0036849,ENSG00000106686
1,FBgn0036853,ENSG00000197345
7,FBgn0036896,ENSG00000139625
3,FBgn0036897,ENSG00000118518
2,FBgn0036911,ENSG00000172500
3,FBgn0036915,ENSG00000117360
1,FBgn0036916,ENSG00000223496
3,FBgn0036918,ENSG00000204220
7,FBgn0036919,ENSG00000115806
7,FBgn0036926,ENSG00000185774
18,FBgn0036927,ENSG00000183044
2,FBgn0036931,ENSG00000278685
4,FBgn0036932,ENSG00000149357
4,FBgn0036942,ENSG00000138030
1,FBgn0036958,ENSG00000149231
1,FBgn0036959,ENSG00000129187
14,FBgn0036962,ENSG00000160401
1,FBgn0036973,ENSG00000117222
2,FBgn0036974,ENSG00000120705
1,FBgn0036984,ENSG00000164893
1,FBgn0036988,ENSG00000109066
3,FBgn0036992,ENSG00000158104
5,FBgn0037000,ENSG00000115194
10,FBgn0037003,ENSG00000109736
1,FBgn0037007,ENSG00000104765
1,FBgn0037009,ENSG00000198818
11,FBgn0037017,ENSG00000157538
13,FBgn0037018,ENSG00000105341
1,FBgn0037019,ENSG00000121680
4,FBgn0037021,ENSG00000100982
2,FBgn0037022,ENSG00000171853
7,FBgn0037024,ENSG00000063854
1,FBgn0037028,ENSG00000084444
12,FBgn0037044,ENSG00000164494
2,FBgn0037045,ENSG00000067365
20,FBgn0037050,ENSG00000003147
9,FBgn0037071,ENSG00000120915
6,FBgn0037084,ENSG00000170310
2,FBgn0037087,ENSG00000102390
10,FBgn0037092,ENSG00000123560
2,FBgn0037093,ENSG00000065883
4,FBgn0037105,ENSG00000140943
1,FBgn0037108,ENSG00000253710
2,FBgn0037121,ENSG00000163882
12,FBgn0037135,ENSG00000144895
4,FBgn0037141,ENSG00000170734
3,FBgn0037142,ENSG00000163755
5,FBgn0037146,ENSG00000059573
16,FBgn0037151,ENSG00000162616
6,FBgn0037163,ENSG00000148123
2,FBgn0037184,ENSG00000172171
2,FBgn0037185,ENSG00000180694
2,FBgn0037186,ENSG00000113492
5,FBgn0037188,ENSG00000138670
1,FBgn0037235,ENSG00000249581
4,FBgn0037239,ENSG00000164466
1,FBgn0037248,ENSG00000109819
13,FBgn0037249,ENSG00000107581
1,FBgn0037250,ENSG00000066651
1,FBgn0037262,ENSG00000108590
5,FBgn0037263,ENSG00000181625
3,FBgn0037265,ENSG00000133104
1,FBgn0037279,ENSG00000173540
2,FBgn0037280,ENSG00000163093
10,FBgn0037293,ENSG00000100949
4,FBgn0037298,ENSG00000143653
4,FBgn0037299,ENSG00000167987
14,FBgn0037310,ENSG00000126768
2,FBgn0037312,ENSG00000128228
3,FBgn0037313,ENSG00000175348
3,FBgn0037317,ENSG00000214022
7,FBgn0037328,ENSG00000182899
7,FBgn0037329,ENSG00000004142
1,FBgn0037330,ENSG00000135900
3,FBgn0037332,ENSG00000159267
4,FBgn0037338,ENSG00000198924
1,FBgn0037339,ENSG00000155252
6,FBgn0037345,ENSG00000116670
2,FBgn0037351,ENSG00000142541
1,FBgn0037358,ENSG00000188386
1,FBgn0037360,ENSG00000278311
1,FBgn0037363,ENSG00000023287
6,FBgn0037364,ENSG00000112210
6,FBgn0037369,ENSG00000072756
6,FBgn0037371,ENSG00000125755
4,FBgn0037372,ENSG00000110063
1,FBgn0037376,ENSG00000128708
1,FBgn0037379,ENSG00000048405
32,FBgn0037402,ENSG00000128524
1,FBgn0037431,ENSG00000089220
6,FBgn0037432,ENSG00000134020
8,FBgn0037435,ENSG00000122435
3,FBgn0037439,ENSG00000155393
3,FBgn0037440,ENSG00000095321
2,FBgn0037442,ENSG00000099999
7,FBgn0037443,ENSG00000278057
3,FBgn0037445,ENSG00000181827
8,FBgn0037466,ENSG00000159086
3,FBgn0037467,ENSG00000014123
2,FBgn0037469,ENSG00000172992
2,FBgn0037472,ENSG00000136193
11,FBgn0037473,ENSG00000179387
13,FBgn0037475,ENSG00000168267
27,FBgn0037478,ENSG00000111231
1,FBgn0037481,ENSG00000182798
35,FBgn0037482,ENSG00000144736
7,FBgn0037489,ENSG00000173145
26,FBgn0037490,ENSG00000152133
2,FBgn0037492,ENSG00000169570
3,FBgn0037498,ENSG00000023318
22,FBgn0037504,ENSG00000067334
1,FBgn0037506,ENSG00000165678
19,FBgn0037513,ENSG00000100024
7,FBgn0037526,ENSG00000146282
7,FBgn0037529,ENSG00000135972
2,FBgn0037536,ENSG00000106771
12,FBgn0037539,ENSG00000165006
13,FBgn0037541,ENSG00000129493
4,FBgn0037543,ENSG00000071462
5,FBgn0037548,ENSG00000117480
16,FBgn0037554,ENSG00000101751
8,FBgn0037555,ENSG00000173011
3,FBgn0037556,ENSG00000107874
1,FBgn0037574,ENSG00000173085
2,FBgn0037578,ENSG00000039650
21,FBgn0037579,ENSG00000115944
2,FBgn0037607,ENSG00000007350
2,FBgn0037609,ENSG00000115446
10,FBgn0037610,ENSG00000181873
2,FBgn0037611,ENSG00000205643
2,FBgn0037612,ENSG00000167780
3,FBgn0037615,ENSG00000186889
12,FBgn0037620,ENSG00000131061
1,FBgn0037622,ENSG00000103544
1,FBgn0037624,ENSG00000132780
1,FBgn0037632,ENSG00000135624
2,FBgn0037637,ENSG00000136003
3,FBgn0037644,ENSG00000132792
1,FBgn0037648,ENSG00000141580
5,FBgn0037655,ENSG00000176407
1,FBgn0037672,ENSG00000151379
1,FBgn0037741,ENSG00000101407
4,FBgn0037754,ENSG00000165023
1,FBgn0037756,ENSG00000163956
5,FBgn0037760,ENSG00000147912
1,FBgn0037770,ENSG00000142453
1,FBgn0037777,ENSG00000123545
1,FBgn0037781,ENSG00000115392
9,FBgn0037792,ENSG00000115750
4,FBgn0037801,ENSG00000178445
3,FBgn0037802,ENSG00000077463
2,FBgn0037809,ENSG00000105617
2,FBgn0037814,ENSG00000132017
7,FBgn0037822,ENSG00000169519
17,FBgn0037837,ENSG00000149646
1,FBgn0037842,ENSG00000143353
10,FBgn0037849,ENSG00000163449
13,FBgn0037852,ENSG00000125454
1,FBgn0037855,ENSG00000163728
5,FBgn0037873,ENSG00000143252
17,FBgn0037874,ENSG00000133112
1,FBgn0037881,ENSG00000179562
1,FBgn0037891,ENSG00000119689
1,FBgn0037896,ENSG00000016391
3,FBgn0037926,ENSG00000070061
1,FBgn0037931,ENSG00000182903
5,FBgn0037939,ENSG00000170925
4,FBgn0037958,ENSG00000136699
4,FBgn0037962,ENSG00000163879
11,FBgn0037973,ENSG00000196139
8,FBgn0037978,ENSG00000114648
10,FBgn0037979,ENSG00000110274
2,FBgn0037981,ENSG00000196284
8,FBgn0037998,ENSG00000166685
1,FBgn0038013,ENSG00000113391
1,FBgn0038016,ENSG00000025293
3,FBgn0038039,ENSG00000023041
9,FBgn0038042,ENSG00000163069
2,FBgn0038045,ENSG00000095380
2,FBgn0038046,ENSG00000143621
6,FBgn0038053,ENSG00000092931
3,FBgn0038057,ENSG00000186141
11,FBgn0038058,ENSG00000103043
1,FBgn0038065,ENSG00000147164
1,FBgn0038067,ENSG00000204022
16,FBgn0038074,ENSG00000124713
4,FBgn0038088,ENSG00000152611
4,FBgn0038100,ENSG00000124374
3,FBgn0038106,ENSG00000132591
1,FBgn0038108,ENSG00000125386
3,FBgn0038110,ENSG00000162959
36,FBgn0038115,ENSG00000143416
1,FBgn0038118,ENSG00000111602
3,FBgn0038146,ENSG00000134987
1,FBgn0038168,ENSG00000185085
2,FBgn0038170,ENSG00000163001
11,FBgn0038172,ENSG00000093072
25,FBgn0038181,ENSG00000185739
5,FBgn0038206,ENSG00000151239
4,FBgn0038221,ENSG00000204104
7,FBgn0038233,ENSG00000115317
1,FBgn0038248,ENSG00000148019
1,FBgn0038251,ENSG00000186834
3,FBgn0038256,ENSG00000163291
4,FBgn0038268,ENSG00000116199
6,FBgn0038269,ENSG00000171824
21,FBgn0038271,ENSG00000105819
2,FBgn0038272,ENSG00000132768
2,FBgn0038275,ENSG00000067533
6,FBgn0038296,ENSG00000164068
2,FBgn0038300,ENSG00000129933
1,FBgn0038301,ENSG00000122034
1,FBgn0038302,ENSG00000184788
1,FBgn0038303,ENSG00000280433
5,FBgn0038304,ENSG00000100359
1,FBgn0038307,ENSG00000048544
1,FBgn0038313,ENSG00000007520
5,FBgn0038324,ENSG00000143643
4,FBgn0038325,ENSG00000125703
1,FBgn0038326,ENSG00000198130
1,FBgn0038327,ENSG00000270106
5,FBgn0038330,ENSG00000181982
2,FBgn0038332,ENSG00000119929
5,FBgn0038344,ENSG00000112249
4,FBgn0038360,ENSG00000197712
7,FBgn0038371,ENSG00000023608
2,FBgn0038376,ENSG00000115657
3,FBgn0038385,ENSG00000099364
11,FBgn0038387,ENSG00000217930
4,FBgn0038390,ENSG00000080839
29,FBgn0038391,ENSG00000136574
16,FBgn0038400,ENSG00000184831
8,FBgn0038424,ENSG00000125954
4,FBgn0038427,ENSG00000038532
4,FBgn0038428,ENSG00000113312
12,FBgn0038429,ENSG00000124275
9,FBgn0038445,ENSG00000108306
47,FBgn0038452,ENSG00000173093
1,FBgn0038454,ENSG00000068394
2,FBgn0038461,ENSG00000104412
8,FBgn0038463,ENSG00000093217
25,FBgn0038466,ENSG00000131037
1,FBgn0038470,ENSG00000115593
1,FBgn0038474,ENSG00000181991
23,FBgn0038490,ENSG00000123415
23,FBgn0038499,ENSG00000185024
2,FBgn0038515,ENSG00000160087
2,FBgn0038519,ENSG00000165672
2,FBgn0038524,ENSG00000157593
1,FBgn0038533,ENSG00000170088
4,FBgn0038535,ENSG00000125844
4,FBgn0038546,ENSG00000168556
38,FBgn0038564,ENSG00000123178
16,FBgn0038569,ENSG00000169762
4,FBgn0038570,ENSG00000126432
9,FBgn0038582,ENSG00000100104
18,FBgn0038583,ENSG00000154781
1,FBgn0038585,ENSG00000197498
18,FBgn0038588,ENSG00000198208
2,FBgn0038590,ENSG00000131043
37,FBgn0038592,ENSG00000214513
14,FBgn0038593,ENSG00000166887
1,FBgn0038597,ENSG00000065183
17,FBgn0038598,ENSG00000155875
3,FBgn0038601,ENSG00000137054
1,FBgn0038609,ENSG00000120253
2,FBgn0038611,ENSG00000172987
3,FBgn0038617,ENSG00000047056
18,FBgn0038621,ENSG00000124249
2,FBgn0038627,ENSG00000168894
20,FBgn0038638,ENSG00000146242
1,FBgn0038649,ENSG00000087157
3,FBgn0038651,ENSG00000152223
39,FBgn0038655,ENSG00000143727
6,FBgn0038659,ENSG00000140600
14,FBgn0038660,ENSG00000181523
10,FBgn0038666,ENSG00000122692
11,FBgn0038672,ENSG00000105875
7,FBgn0038675,ENSG00000007080
19,FBgn0038676,ENSG00000132259
3,FBgn0038683,ENSG00000104980
13,FBgn0038686,ENSG00000089234
52,FBgn0038693,ENSG00000133958
33,FBgn0038702,ENSG00000176978
4,FBgn0038704,ENSG00000137074
60,FBgn0038708,ENSG00000163541
3,FBgn0038722,ENSG00000139496
3,FBgn0038735,ENSG00000155970
2,FBgn0038737,ENSG00000122687
1,FBgn0038738,ENSG00000106066
1,FBgn0038742,ENSG00000122971
1,FBgn0038745,ENSG00000166855
2,FBgn0038746,ENSG00000148296
6,FBgn0038747,ENSG00000285304
31,FBgn0038753,ENSG00000146477
39,FBgn0038755,ENSG00000185352
15,FBgn0038760,ENSG00000104960
2,FBgn0038763,ENSG00000108474
1,FBgn0038769,ENSG00000149289
14,FBgn0038804,ENSG00000175600
1,FBgn0038811,ENSG00000177192
7,FBgn0038814,ENSG00000164953
1,FBgn0038827,ENSG00000144554
4,FBgn0038834,ENSG00000149806
9,FBgn0038853,ENSG00000147799
1,FBgn0038854,ENSG00000106009
1,FBgn0038861,ENSG00000068438
9,FBgn0038862,ENSG00000138592
1,FBgn0038868,ENSG00000198171
1,FBgn0038869,ENSG00000135632
3,FBgn0038871,ENSG00000150756
4,FBgn0038872,ENSG00000185049
19,FBgn0038874,ENSG00000174417
8,FBgn0038876,ENSG00000148377
6,FBgn0038889,ENSG00000187790
1,FBgn0038893,ENSG00000176261
11,FBgn0038897,ENSG00000164308
8,FBgn0038902,ENSG00000156345
4,FBgn0038903,ENSG00000066379
31,FBgn0038917,ENSG00000166965
40,FBgn0038921,ENSG00000105549
1,FBgn0038922,ENSG00000101365
1,FBgn0038923,ENSG00000132313
28,FBgn0038925,ENSG00000004961
26,FBgn0038926,ENSG00000146433
4,FBgn0038927,ENSG00000168438
21,FBgn0038957,ENSG00000172331
3,FBgn0038960,ENSG00000164675
3,FBgn0038965,ENSG00000173542
1,FBgn0038968,ENSG00000142207
2,FBgn0038974,ENSG00000137274
14,FBgn0038975,ENSG00000110076
3,FBgn0038976,ENSG00000123349
5,FBgn0038984,ENSG00000170915
1,FBgn0039003,ENSG00000109501
4,FBgn0039008,ENSG00000100418
11,FBgn0039009,ENSG00000135637
1,FBgn0039010,ENSG00000197563
3,FBgn0039023,ENSG00000197993
17,FBgn0039025,ENSG00000152484
11,FBgn0039039,ENSG00000198455
1,FBgn0039044,ENSG00000078900
1,FBgn0039051,ENSG00000114786
11,FBgn0039054,ENSG00000196104
1,FBgn0039055,ENSG00000107551
3,FBgn0039066,ENSG00000288616
2,FBgn0039067,ENSG00000135801
6,FBgn0039075,ENSG00000064999
1,FBgn0039109,ENSG00000128965
1,FBgn0039124,ENSG00000169925
1,FBgn0039137,ENSG00000160185
4,FBgn0039141,ENSG00000021574
15,FBgn0039147,ENSG00000119318
11,FBgn0039149,ENSG00000182196
3,FBgn0039150,ENSG00000189050
10,FBgn0039152,ENSG00000126001
2,FBgn0039153,ENSG00000059691
1,FBgn0039155,ENSG00000011201
2,FBgn0039165,ENSG00000124201
3,FBgn0039169,ENSG00000185591
3,FBgn0039175,ENSG00000116120
1,FBgn0039184,ENSG00000111058
1,FBgn0039188,ENSG00000066455
3,FBgn0039210,ENSG00000137656
1,FBgn0039212,ENSG00000168818
1,FBgn0039213,ENSG00000119787
7,FBgn0039218,ENSG00000177700
1,FBgn0039223,ENSG00000160785
3,FBgn0039225,ENSG00000175832
2,FBgn0039240,ENSG00000130226
1,FBgn0039291,ENSG00000112167
1,FBgn0039306,ENSG00000058729
1,FBgn0039343,ENSG00000013374
1,FBgn0039344,ENSG00000101670
13,FBgn0039359,ENSG00000131469
6,FBgn0039360,ENSG00000088766
23,FBgn0039374,ENSG00000100314
26,FBgn0039378,ENSG00000128274
1,FBgn0039379,ENSG00000086712
16,FBgn0039381,ENSG00000157837
2,FBgn0039385,ENSG00000171262
4,FBgn0039407,ENSG00000166166
5,FBgn0039417,ENSG00000235173
22,FBgn0039420,ENSG00000167261
3,FBgn0039427,ENSG00000155265
16,FBgn0039429,ENSG00000196932
18,FBgn0039430,ENSG00000122335
10,FBgn0039451,ENSG00000140153
14,FBgn0039459,ENSG00000138785
8,FBgn0039461,ENSG00000204237
12,FBgn0039464,ENSG00000183696
19,FBgn0039466,ENSG00000188559
2,FBgn0039489,ENSG00000171307
18,FBgn0039491,ENSG00000120051
22,FBgn0039498,ENSG00000198060
24,FBgn0039500,ENSG00000136068
1,FBgn0039501,ENSG00000138892
4,FBgn0039505,ENSG00000153130
2,FBgn0039509,ENSG00000108788
11,FBgn0039527,ENSG00000124102
18,FBgn0039530,ENSG00000130338
9,FBgn0039536,ENSG00000144406
6,FBgn0039543,ENSG00000005469
4,FBgn0039544,ENSG00000181026
1,FBgn0039557,ENSG00000145945
12,FBgn0039558,ENSG00000116752
1,FBgn0039562,ENSG00000166598
1,FBgn0039564,ENSG00000142606
2,FBgn0039565,ENSG00000130349
1,FBgn0039566,ENSG00000108883
7,FBgn0039580,ENSG00000131459
6,FBgn0039585,ENSG00000103510
3,FBgn0039588,ENSG00000085760
1,FBgn0039589,ENSG00000047621
9,FBgn0039623,ENSG00000136021
10,FBgn0039631,ENSG00000187531
1,FBgn0039636,ENSG00000126775
3,FBgn0039640,ENSG00000172901
13,FBgn0039648,ENSG00000260230
3,FBgn0039654,ENSG00000112983
1,FBgn0039687,ENSG00000110583
3,FBgn0039713,ENSG00000142937
1,FBgn0039744,ENSG00000163684
2,FBgn0039749,ENSG00000163071
15,FBgn0039757,ENSG00000171863
5,FBgn0039767,ENSG00000185019
11,FBgn0039773,ENSG00000138134
13,FBgn0039783,ENSG00000149380
4,FBgn0039788,ENSG00000087191
1,FBgn0039790,ENSG00000141127
3,FBgn0039809,ENSG00000112981
29,FBgn0039827,ENSG00000181192
5,FBgn0039831,ENSG00000153814
1,FBgn0039835,ENSG00000106591
3,FBgn0039836,ENSG00000103707
2,FBgn0039846,ENSG00000138035
3,FBgn0039848,ENSG00000134013
4,FBgn0039849,ENSG00000037757
1,FBgn0039855,ENSG00000123130
1,FBgn0039857,ENSG00000089009
1,FBgn0039869,ENSG00000171530
1,FBgn0039883,ENSG00000105137
6,FBgn0039890,ENSG00000101986
11,FBgn0039897,ENSG00000172403
9,FBgn0039900,ENSG00000011347
1,FBgn0039904,ENSG00000111727
2,FBgn0039908,ENSG00000128881
1,FBgn0039911,ENSG00000165917
2,FBgn0039920,ENSG00000176624
1,FBgn0039923,ENSG00000141979
2,FBgn0039924,ENSG00000150867
3,FBgn0039925,ENSG00000117245
4,FBgn0039928,ENSG00000171603
1,FBgn0039930,ENSG00000115204
6,FBgn0039941,ENSG00000188467
1,FBgn0039943,ENSG00000163877
32,FBgn0039955,ENSG00000185722
14,FBgn0039965,ENSG00000162377
22,FBgn0039966,ENSG00000080371
29,FBgn0039970,ENSG00000124098
8,FBgn0039977,ENSG00000119953
3,FBgn0039993,ENSG00000083123
22,FBgn0039994,ENSG00000088756
4,FBgn0040005,ENSG00000125875
2,FBgn0040007,ENSG00000172809
4,FBgn0040010,ENSG00000177143
2,FBgn0040011,ENSG00000128596
6,FBgn0040020,ENSG00000152944
33,FBgn0040022,ENSG00000272333
22,FBgn0040028,ENSG00000153060
21,FBgn0040056,ENSG00000004660
1,FBgn0040066,ENSG00000196363
16,FBgn0040071,ENSG00000170779
9,FBgn0040075,ENSG00000183207
4,FBgn0040078,ENSG00000175792
23,FBgn0040079,ENSG00000108599
1,FBgn0040080,ENSG00000160360
3,FBgn0040206,ENSG00000120500
2,FBgn0040211,ENSG00000113924
17,FBgn0040227,ENSG00000100353
3,FBgn0040228,ENSG00000166847
8,FBgn0040230,ENSG00000076321
8,FBgn0040232,ENSG00000138778
4,FBgn0040234,ENSG00000102763
2,FBgn0040235,ENSG00000150316
8,FBgn0040238,ENSG00000167995
1,FBgn0040239,ENSG00000166619
3,FBgn0040268,ENSG00000177302
49,FBgn0040271,ENSG00000006756
1,FBgn0040281,ENSG00000008735
1,FBgn0040285,ENSG00000198794
2,FBgn0040298,ENSG00000127564
22,FBgn0040299,ENSG00000169994
1,FBgn0040305,ENSG00000188786
1,FBgn0040308,ENSG00000123131
6,FBgn0040319,ENSG00000001084
9,FBgn0040336,ENSG00000168000
2,FBgn0040337,ENSG00000100416
5,FBgn0040338,ENSG00000140307
1,FBgn0040344,ENSG00000099949
1,FBgn0040346,ENSG00000198522
3,FBgn0040347,ENSG00000172732
3,FBgn0040348,ENSG00000198863
1,FBgn0040349,ENSG00000159231
1,FBgn0040375,ENSG00000138867
25,FBgn0040384,ENSG00000189077
2,FBgn0040493,ENSG00000215440
17,FBgn0040628,ENSG00000169239
9,FBgn0040650,ENSG00000141741
5,FBgn0040696,ENSG00000159079
8,FBgn0040752,ENSG00000251322
29,FBgn0040765,ENSG00000102349
2,FBgn0040929,ENSG00000153391
4,FBgn0040964,ENSG00000130731
52,FBgn0040985,ENSG00000205707
3,FBgn0041004,ENSG00000164983
5,FBgn0041092,ENSG00000124151
4,FBgn0041096,ENSG00000235098
1,FBgn0041100,ENSG00000185345
22,FBgn0041111,ENSG00000155966
14,FBgn0041147,ENSG00000089053
2,FBgn0041174,ENSG00000134086
64,FBgn0041183,ENSG00000156535
3,FBgn0041188,ENSG00000168488
8,FBgn0041210,ENSG00000048052
1,FBgn0041585,ENSG00000175938
13,FBgn0041588,ENSG00000143486
11,FBgn0041604,ENSG00000183098
8,FBgn0041630,ENSG00000049860
7,FBgn0041707,ENSG00000166922
2,FBgn0041775,ENSG00000149657
6,FBgn0041789,ENSG00000110031
4,FBgn0042085,ENSG00000189079
8,FBgn0042094,ENSG00000147853
25,FBgn0042102,ENSG00000205784
2,FBgn0042111,ENSG00000188981
38,FBgn0042125,ENSG00000136243
13,FBgn0042133,ENSG00000177108
12,FBgn0042134,ENSG00000135387
1,FBgn0042135,ENSG00000196505
2,FBgn0042138,ENSG00000120992
3,FBgn0042175,ENSG00000103066
21,FBgn0042185,ENSG00000156026
1,FBgn0042627,ENSG00000169710
2,FBgn0042641,ENSG00000100036
18,FBgn0042693,ENSG00000078304
9,FBgn0042696,ENSG00000141905
4,FBgn0042712,ENSG00000112339
10,FBgn0043010,ENSG00000174013
13,FBgn0043362,ENSG00000163625
2,FBgn0043458,ENSG00000160445
5,FBgn0043783,ENSG00000143891
7,FBgn0043900,ENSG00000171016
21,FBgn0044020,ENSG00000114125
27,FBgn0044328,ENSG00000172594
5,FBgn0044419,ENSG00000178307
24,FBgn0045064,ENSG00000177076
25,FBgn0045823,ENSG00000135535
3,FBgn0045862,ENSG00000108349
4,FBgn0045980,ENSG00000119638
3,FBgn0046214,ENSG00000130956
3,FBgn0046222,ENSG00000136709
9,FBgn0046247,ENSG00000109220
4,FBgn0046296,ENSG00000140995
5,FBgn0046332,ENSG00000105723
18,FBgn0046704,ENSG00000177380
18,FBgn0046706,ENSG00000184216
1,FBgn0047135,ENSG00000151778
8,FBgn0047178,ENSG00000183571
11,FBgn0050011,ENSG00000153560
3,FBgn0050022,ENSG00000105755
1,FBgn0050036,ENSG00000198488
1,FBgn0050046,ENSG00000262655
3,FBgn0050085,ENSG00000080345
1,FBgn0050147,ENSG00000197893
3,FBgn0050157,ENSG00000176125
16,FBgn0050263,ENSG00000203685
5,FBgn0050290,ENSG00000138621
12,FBgn0050354,ENSG00000233954
6,FBgn0050381,ENSG00000163964
19,FBgn0050389,ENSG00000204178
22,FBgn0050390,ENSG00000176476
1,FBgn0050394,ENSG00000157637
3,FBgn0050398,ENSG00000158411
1,FBgn0050404,ENSG00000168958
1,FBgn0050423,ENSG00000104660
13,FBgn0050441,ENSG00000109083
2,FBgn0050443,ENSG00000196323
9,FBgn0050446,ENSG00000136750
1,FBgn0050476,ENSG00000130590
1,FBgn0050499,ENSG00000235376
5,FBgn0050502,ENSG00000103089
4,FBgn0051004,ENSG00000099994
1,FBgn0051005,ENSG00000148459
19,FBgn0051019,ENSG00000186094
1,FBgn0051038,ENSG00000168016
13,FBgn0051064,ENSG00000165861
36,FBgn0051072,ENSG00000197081
2,FBgn0051075,ENSG00000165092
9,FBgn0051076,ENSG00000148655
1,FBgn0051139,ENSG00000163389
1,FBgn0051151,ENSG00000182095
2,FBgn0051156,ENSG00000068784
13,FBgn0051158,ENSG00000059915
14,FBgn0051183,ENSG00000169418
3,FBgn0051211,ENSG00000132424
4,FBgn0051224,ENSG00000179943
55,FBgn0051244,ENSG00000136463
4,FBgn0051249,ENSG00000087302
3,FBgn0051251,ENSG00000015676
68,FBgn0051266,ENSG00000184647
3,FBgn0051278,ENSG00000258429
14,FBgn0051320,ENSG00000164818
14,FBgn0051368,ENSG00000021776
1,FBgn0051414,ENSG00000177628
1,FBgn0051431,ENSG00000127418
5,FBgn0051454,ENSG00000166575
5,FBgn0051472,ENSG00000108439
9,FBgn0051495,ENSG00000073969
2,FBgn0051522,ENSG00000164181
4,FBgn0051528,ENSG00000188021
1,FBgn0051546,ENSG00000159228
7,FBgn0051550,ENSG00000105705
10,FBgn0051635,ENSG00000104866
2,FBgn0051643,ENSG00000138399
22,FBgn0051661,ENSG00000196188
18,FBgn0051678,ENSG00000094975
7,FBgn0051694,ENSG00000006652
2,FBgn0051719,ENSG00000166133
10,FBgn0051729,ENSG00000054793
11,FBgn0051739,ENSG00000117593
25,FBgn0051759,ENSG00000174840
3,FBgn0051800,ENSG00000164008
20,FBgn0051803,ENSG00000172426
22,FBgn0051807,ENSG00000168411
13,FBgn0051849,ENSG00000128268
4,FBgn0051852,ENSG00000089289
38,FBgn0051866,ENSG00000152382
1,FBgn0051898,ENSG00000133193
14,FBgn0051913,ENSG00000106603
28,FBgn0051935,ENSG00000115839
7,FBgn0051950,ENSG00000183011
20,FBgn0051954,ENSG00000151006
5,FBgn0051957,ENSG00000175376
13,FBgn0051961,ENSG00000124659
13,FBgn0052055,ENSG00000162621
16,FBgn0052056,ENSG00000188313
57,FBgn0052062,ENSG00000100320
5,FBgn0052066,ENSG00000153310
1,FBgn0052068,ENSG00000182551
8,FBgn0052072,ENSG00000197977
14,FBgn0052075,ENSG00000001497
2,FBgn0052076,ENSG00000175548
12,FBgn0052082,ENSG00000128298
19,FBgn0052085,ENSG00000127585
1,FBgn0052087,ENSG00000062716
4,FBgn0052099,ENSG00000149313
1,FBgn0052104,ENSG00000103932
15,FBgn0052110,ENSG00000161956
19,FBgn0052112,ENSG00000164074
11,FBgn0052113,ENSG00000048707
25,FBgn0052137,ENSG00000162069
2,FBgn0052152,ENSG00000185238
1,FBgn0052163,ENSG00000274180
2,FBgn0052174,ENSG00000167113
7,FBgn0052176,ENSG00000120159
12,FBgn0052177,ENSG00000102471
16,FBgn0052190,ENSG00000104805
10,FBgn0052196,ENSG00000006625
8,FBgn0052225,ENSG00000005893
4,FBgn0052226,ENSG00000205356
66,FBgn0052238,ENSG00000100271
6,FBgn0052251,ENSG00000092853
13,FBgn0052264,ENSG00000087495
4,FBgn0052296,ENSG00000196588
1,FBgn0052311,ENSG00000072195
3,FBgn0052333,ENSG00000147724
11,FBgn0052350,ENSG00000160695
7,FBgn0052369,ENSG00000154359
5,FBgn0052380,ENSG00000156671
30,FBgn0052406,ENSG00000131746
2,FBgn0052412,ENSG00000115828
10,FBgn0052425,ENSG00000168014
5,FBgn0052438,ENSG00000198887
8,FBgn0052448,ENSG00000111850
6,FBgn0052451,ENSG00000075673
5,FBgn0052473,ENSG00000138792
25,FBgn0052495,ENSG00000100983
5,FBgn0052533,ENSG00000134815
2,FBgn0052536,ENSG00000147654
13,FBgn0052549,ENSG00000076685
30,FBgn0052590,ENSG00000254901
49,FBgn0052626,ENSG00000116337
24,FBgn0052638,ENSG00000177674
39,FBgn0052641,ENSG00000128590
33,FBgn0052647,ENSG00000070413
4,FBgn0052649,ENSG00000123815
34,FBgn0052654,ENSG00000148396
35,FBgn0052668,ENSG00000118690
22,FBgn0052669,ENSG00000138074
38,FBgn0052676,ENSG00000167470
54,FBgn0052677,ENSG00000107282
21,FBgn0052685,ENSG00000119596
10,FBgn0052687,ENSG00000163428
1,FBgn0052703,ENSG00000181085
5,FBgn0052707,ENSG00000053900
37,FBgn0052732,ENSG00000183576
1,FBgn0052736,ENSG00000168273
1,FBgn0052758,ENSG00000143376
1,FBgn0052831,ENSG00000161939
35,FBgn0052847,ENSG00000138942
72,FBgn0052857,ENSG00000169599
9,FBgn0052944,ENSG00000152953
54,FBgn0052971,ENSG00000148297
1,FBgn0053054,ENSG00000124596
6,FBgn0053057,ENSG00000149743
18,FBgn0053092,ENSG00000159423
2,FBgn0053094,ENSG00000100266
1,FBgn0053096,ENSG00000129968
1,FBgn0053116,ENSG00000138018
12,FBgn0053128,ENSG00000182240
2,FBgn0053138,ENSG00000114480
1,FBgn0053158,ENSG00000140598
1,FBgn0053172,ENSG00000178252
8,FBgn0053181,ENSG00000133065
4,FBgn0053193,ENSG00000151748
32,FBgn0053260,ENSG00000170892
5,FBgn0053276,ENSG00000167118
13,FBgn0053474,ENSG00000104883
23,FBgn0053499,ENSG00000158560
23,FBgn0053514,ENSG00000146352
6,FBgn0053523,ENSG00000130150
46,FBgn0053547,ENSG00000101098
40,FBgn0053554,ENSG00000196367
8,FBgn0053558,ENSG00000170873
4,FBgn0053653,ENSG00000081803
24,FBgn0053872,ENSG00000146047
15,FBgn0053969,ENSG00000107829
1,FBgn0053977,ENSG00000179085
2,FBgn0053988,ENSG00000130054
28,FBgn0054001,ENSG00000168802
13,FBgn0054039,ENSG00000140365
5,FBgn0058045,ENSG00000132388
11,FBgn0058191,ENSG00000115649
4,FBgn0061356,ENSG00000101323
3,FBgn0061469,ENSG00000114062
3,FBgn0061476,ENSG00000174442
3,FBgn0061492,ENSG00000259900
1,FBgn0062413,ENSG00000136867
3,FBgn0063368,ENSG00000179600
1,FBgn0063667,ENSG00000182919
14,FBgn0063670,ENSG00000130165
12,FBgn0064115,ENSG00000111780
98,FBgn0064123,ENSG00000166862
1,FBgn0064126,ENSG00000169696
44,FBgn0064225,ENSG00000122406
3,FBgn0064766,ENSG00000176853
2,FBgn0065032,ENSG00000111229
2,FBgn0065035,ENSG00000100601
2,FBgn0066114,ENSG00000149541
17,FBgn0066303,ENSG00000187713
17,FBgn0066304,ENSG00000172336
4,FBgn0067628,ENSG00000144559
4,FBgn0067629,ENSG00000133114
4,FBgn0067783,ENSG00000181035
9,FBgn0082582,ENSG00000136842
21,FBgn0083956,ENSG00000179869
7,FBgn0083960,ENSG00000206530
1,FBgn0083961,ENSG00000183283
3,FBgn0085257,ENSG00000163866
4,FBgn0085322,ENSG00000165389
1,FBgn0085377,ENSG00000167904
2,FBgn0085380,ENSG00000186479
19,FBgn0085390,ENSG00000274588
31,FBgn0085423,ENSG00000155324
1,FBgn0085425,ENSG00000124780
34,FBgn0085430,ENSG00000214655
2,FBgn0085433,ENSG00000130307
32,FBgn0085437,ENSG00000170471
51,FBgn0085443,ENSG00000100599
6,FBgn0085451,ENSG00000032219
12,FBgn0085484,ENSG00000160209
58,FBgn0085638,ENSG00000216490
178,FBgn0085693,ENSG00000146109
4,FBgn0086130,ENSG00000182810
1,FBgn0086254,ENSG00000165568
3,FBgn0086355,ENSG00000111669
19,FBgn0086359,ENSG00000185621
17,FBgn0086372,ENSG00000073921
1,FBgn0086378,ENSG00000249915
17,FBgn0086443,ENSG00000134440
1,FBgn0086445,ENSG00000148308
1,FBgn0086446,ENSG00000104671
16,FBgn0086451,ENSG00000119285
1,FBgn0086472,ENSG00000118181
51,FBgn0086613,ENSG00000128908
7,FBgn0086657,ENSG00000183735
28,FBgn0086674,ENSG00000128294
1,FBgn0086676,ENSG00000182557
5,FBgn0086679,ENSG00000110756
4,FBgn0086683,ENSG00000134453
13,FBgn0086686,ENSG00000114933
6,FBgn0086693,ENSG00000165125
3,FBgn0086698,ENSG00000143951
1,FBgn0086704,ENSG00000154007
3,FBgn0086706,ENSG00000164163
14,FBgn0086708,ENSG00000151929
52,FBgn0086711,ENSG00000140274
2,FBgn0086779,ENSG00000108669
1,FBgn0086784,ENSG00000132294
7,FBgn0086785,ENSG00000136100
4,FBgn0086898,ENSG00000135299
19,FBgn0086904,ENSG00000136274
3,FBgn0087012,ENSG00000147246
1,FBgn0087013,ENSG00000137040
3,FBgn0087039,ENSG00000187742
6,FBgn0243511,ENSG00000111300
19,FBgn0243513,ENSG00000143771
3,FBgn0243516,ENSG00000115935
2,FBgn0250788,ENSG00000115306
1,FBgn0250791,ENSG00000125814
8,FBgn0250816,ENSG00000197181
1,FBgn0250820,ENSG00000121073
16,FBgn0250823,ENSG00000133275
11,FBgn0250830,ENSG00000196865
22,FBgn0250848,ENSG00000135047
24,FBgn0250862,ENSG00000167525
3,FBgn0250874,ENSG00000105197
19,FBgn0250903,ENSG00000141552
1,FBgn0250906,ENSG00000170950
2,FBgn0250911,ENSG00000163807
4,FBgn0259113,ENSG00000101868
19,FBgn0259166,ENSG00000109452
19,FBgn0259167,ENSG00000185246
31,FBgn0259168,ENSG00000157540
18,FBgn0259175,ENSG00000197635
12,FBgn0259176,ENSG00000102804
21,FBgn0259188,ENSG00000176884
1,FBgn0259199,ENSG00000169371
5,FBgn0259212,ENSG00000130396
2,FBgn0259214,ENSG00000058668
9,FBgn0259216,ENSG00000047648
24,FBgn0259222,ENSG00000151812
20,FBgn0259228,ENSG00000107263
15,FBgn0259243,ENSG00000188191
35,FBgn0259483,ENSG00000270757
53,FBgn0259680,ENSG00000258989
4,FBgn0259704,ENSG00000130305
4,FBgn0259705,ENSG00000160131
3,FBgn0259714,ENSG00000183067
9,FBgn0259721,ENSG00000103121
3,FBgn0259727,ENSG00000182712
29,FBgn0259735,ENSG00000102531
41,FBgn0259741,ENSG00000262481
3,FBgn0259749,ENSG00000197355
3,FBgn0259791,ENSG00000136122
32,FBgn0259822,ENSG00000283228
3,FBgn0259876,ENSG00000109805
4,FBgn0259979,ENSG00000133313
17,FBgn0259984,ENSG00000069206
19,FBgn0260005,ENSG00000100124
5,FBgn0260027,ENSG00000169964
1,FBgn0260049,ENSG00000071127
5,FBgn0260222,ENSG00000240230
4,FBgn0260390,ENSG00000155115
1,FBgn0260397,ENSG00000004487
4,FBgn0260398,ENSG00000164975
9,FBgn0260399,ENSG00000120539
11,FBgn0260407,ENSG00000181610
6,FBgn0260439,ENSG00000154845
5,FBgn0260444,ENSG00000182973
25,FBgn0260446,ENSG00000204681
9,FBgn0260464,ENSG00000119328
8,FBgn0260484,ENSG00000100380
11,FBgn0260486,ENSG00000147459
1,FBgn0260632,ENSG00000077150
2,FBgn0260639,ENSG00000131462
3,FBgn0260655,ENSG00000153339
49,FBgn0260657,ENSG00000116218
3,FBgn0260659,ENSG00000134851
5,FBgn0260746,ENSG00000149328
1,FBgn0260771,ENSG00000174720
1,FBgn0260779,ENSG00000130348
37,FBgn0260795,ENSG00000168575
32,FBgn0260798,ENSG00000198873
23,FBgn0260799,ENSG00000184363
14,FBgn0260817,ENSG00000042088
1,FBgn0260859,ENSG00000173626
1,FBgn0260860,ENSG00000170043
6,FBgn0260861,ENSG00000196655
21,FBgn0260866,ENSG00000007944
2,FBgn0260932,ENSG00000204348
3,FBgn0260933,ENSG00000187535
11,FBgn0260940,ENSG00000159210
1,FBgn0260941,ENSG00000175048
14,FBgn0260943,ENSG00000153944
24,FBgn0260945,ENSG00000083290
2,FBgn0260960,ENSG00000119915
7,FBgn0260962,ENSG00000167986
1,FBgn0260970,ENSG00000144357
10,FBgn0260985,ENSG00000049541
19,FBgn0260987,ENSG00000244588
9,FBgn0261041,ENSG00000153956
5,FBgn0261065,ENSG00000119203
3,FBgn0261067,ENSG00000175324
21,FBgn0261085,ENSG00000173227
48,FBgn0261090,ENSG00000019505
2,FBgn0261108,ENSG00000175224
4,FBgn0261109,ENSG00000213780
19,FBgn0261111,ENSG00000264187
2,FBgn0261112,ENSG00000159593
18,FBgn0261238,ENSG00000077684
6,FBgn0261239,ENSG00000136931
5,FBgn0261258,ENSG00000150048
3,FBgn0261266,ENSG00000179598
2,FBgn0261268,ENSG00000036257
2,FBgn0261274,ENSG00000197930
4,FBgn0261278,ENSG00000149554
1,FBgn0261279,ENSG00000113282
3,FBgn0261285,ENSG00000127125
4,FBgn0261286,ENSG00000165271
8,FBgn0261381,ENSG00000029639
1,FBgn0261383,ENSG00000165359
2,FBgn0261396,ENSG00000108344
35,FBgn0261403,ENSG00000147162
1,FBgn0261436,ENSG00000119125
2,FBgn0261445,ENSG00000109814
2,FBgn0261456,ENSG00000104375
23,FBgn0261514,ENSG00000185559
1,FBgn0261524,ENSG00000085511
1,FBgn0261532,ENSG00000117408
11,FBgn0261535,ENSG00000115761
3,FBgn0261550,ENSG00000021762
2,FBgn0261560,ENSG00000187840
3,FBgn0261561,ENSG00000118491
5,FBgn0261570,ENSG00000185989
5,FBgn0261592,ENSG00000137154
1,FBgn0261596,ENSG00000138326
13,FBgn0261602,ENSG00000161016
2,FBgn0261609,ENSG00000134001
17,FBgn0261617,ENSG00000100393
36,FBgn0261671,ENSG00000138688
18,FBgn0261698,ENSG00000156113
20,FBgn0261705,ENSG00000171872
9,FBgn0261722,ENSG00000160325
1,FBgn0261723,ENSG00000185610
2,FBgn0261787,ENSG00000167632
1,FBgn0261790,ENSG00000182004
1,FBgn0261793,ENSG00000028839
18,FBgn0261797,ENSG00000197102
9,FBgn0261808,ENSG00000151014
2,FBgn0261811,ENSG00000077420
4,FBgn0261823,ENSG00000141431
6,FBgn0261850,ENSG00000104884
4,FBgn0261859,ENSG00000147234
2,FBgn0261862,ENSG00000205560
2,FBgn0261872,ENSG00000085872
20,FBgn0261873,ENSG00000072415
5,FBgn0261881,ENSG00000168876
18,FBgn0261885,ENSG00000049618
3,FBgn0261933,ENSG00000167088
2,FBgn0261938,ENSG00000099821
10,FBgn0261953,ENSG00000087510
10,FBgn0261983,ENSG00000132024
20,FBgn0261984,ENSG00000134398
11,FBgn0261988,ENSG00000185974
1,FBgn0261995,ENSG00000183828
12,FBgn0262111,ENSG00000144488
11,FBgn0262114,ENSG00000010017
1,FBgn0262115,ENSG00000103245
18,FBgn0262117,ENSG00000143624
46,FBgn0262123,ENSG00000141519
13,FBgn0262124,ENSG00000119946
15,FBgn0262127,ENSG00000151718
5,FBgn0262139,ENSG00000159263
2,FBgn0262370,ENSG00000284179
6,FBgn0262391,ENSG00000207695
1,FBgn0262432,ENSG00000207713
6,FBgn0262516,ENSG00000153898
8,FBgn0262517,ENSG00000198862
2,FBgn0262518,ENSG00000166128
2,FBgn0262527,ENSG00000144445
14,FBgn0262534,ENSG00000180423
3,FBgn0262579,ENSG00000004139
31,FBgn0262582,ENSG00000079432
1,FBgn0262614,ENSG00000105289
13,FBgn0262617,ENSG00000275993
1,FBgn0262624,ENSG00000197753
13,FBgn0262685,ENSG00000186795
33,FBgn0262699,ENSG00000105325
8,FBgn0262714,ENSG00000136715
14,FBgn0262719,ENSG00000100154
2,FBgn0262728,ENSG00000145730
9,FBgn0262732,ENSG00000107223
1,FBgn0262734,ENSG00000106682
7,FBgn0262737,ENSG00000139910
28,FBgn0262738,ENSG00000101333
4,FBgn0262739,ENSG00000123908
3,FBgn0262743,ENSG00000108424
1,FBgn0262801,ENSG00000140612
7,FBgn0262872,ENSG00000173805
1,FBgn0262954,ENSG00000147669
7,FBgn0262955,ENSG00000047315
25,FBgn0263005,ENSG00000033100
4,FBgn0263025,ENSG00000169087
41,FBgn0263027,ENSG00000177692
4,FBgn0263048,ENSG00000167588
7,FBgn0263112,ENSG00000068323
2,FBgn0263121,ENSG00000100902
1,FBgn0263131,ENSG00000173175
2,FBgn0263133,ENSG00000168827
31,FBgn0263144,ENSG00000146834
3,FBgn0263197,ENSG00000130559
4,FBgn0263198,ENSG00000100813
1,FBgn0263199,ENSG00000156958
1,FBgn0263200,ENSG00000213930
2,FBgn0263235,ENSG00000103023
12,FBgn0263237,ENSG00000134058
5,FBgn0263241,ENSG00000124615
1,FBgn0263278,ENSG00000198855
2,FBgn0263397,ENSG00000135519
1,FBgn0263594,ENSG00000103248
2,FBgn0263598,ENSG00000114573
1,FBgn0263600,ENSG00000062822
3,FBgn0263601,ENSG00000101752
1,FBgn0263602,ENSG00000089123
1,FBgn0263605,ENSG00000141076
3,FBgn0263606,ENSG00000100209
4,FBgn0263608,ENSG00000137563
2,FBgn0263697,ENSG00000144744
18,FBgn0263705,ENSG00000091536
19,FBgn0263706,ENSG00000104728
2,FBgn0263738,ENSG00000276234
2,FBgn0263755,ENSG00000101945
4,FBgn0263757,ENSG00000144231
3,FBgn0263782,ENSG00000113161
53,FBgn0263829,ENSG00000205937
9,FBgn0263831,ENSG00000178295
14,FBgn0263832,ENSG00000187778
1,FBgn0263852,ENSG00000129562
28,FBgn0263855,ENSG00000259288
1,FBgn0263916,ENSG00000112759
30,FBgn0263968,ENSG00000157106
2,FBgn0263974,ENSG00000162782
2,FBgn0263987,ENSG00000121057
6,FBgn0263988,ENSG00000152763
33,FBgn0264001,ENSG00000161082
46,FBgn0264078,ENSG00000132589
1,FBgn0264305,ENSG00000136478
2,FBgn0264307,ENSG00000107864
4,FBgn0264325,ENSG00000126581
25,FBgn0264492,ENSG00000254598
13,FBgn0264495,ENSG00000104885
5,FBgn0264561,ENSG00000090863
1,FBgn0264562,ENSG00000148200
2,FBgn0264672,ENSG00000163378
18,FBgn0264691,ENSG00000167965
13,FBgn0264693,ENSG00000129680
9,FBgn0264712,ENSG00000165886
