Parameter	Mean	SD	MCSE	ESS	LB	Median	UB
H_Y	-2.7964644759103985	0.19589716242455896	0.00849573496818427	1025.270220084613	-3.134835944515551	-2.8119965703109795	-2.375191101563377
H_X	-2.0612656463465684	0.21487621578338886	0.011100382733560829	716.460857682105	-2.4490676712670068	-2.0717024098150425	-1.6094740139621475
Q	0.6903412507499003	0.05631837230583014	0.006175435605067925	72.98360254998475	0.5877223049551995	0.6856879776115253	0.8088454747128119
Sigma_Y	-2.100328185852118	0.09760711798735923	0.004441517160465405	973.8631656408535	-2.268588304697391	-2.1082902433661936	-1.8887192997521633
Sigma_X	-1.6871394034641738	0.10800052976801795	0.005469596052331623	741.0945491300358	-1.8835758629395967	-1.6930031311797782	-1.458967191005037
Psi_Y_1	-0.23165278351903734	0.13635591270350825	0.0029426379874189167	1869.3491329440951	-0.4962215175906803	-0.2321157369609178	0.036319236026406854
Psi_X_1	-0.6193600485614745	0.11610134406587445	0.0020254720616168344	4832.815485718635	-0.8447954886218187	-0.6183971367087134	-0.39243480830583
Psi_Y_2	-0.1724383861878214	0.13138747428842038	0.0022325020033156845	5286.566026402364	-0.4345048223324222	-0.1715541598249935	0.08402860761250763
Psi_X_2	0.11716876678888025	0.11636821705289432	0.0020551899110362692	5169.577673542618	-0.11032888595105941	0.11600651995807393	0.34471653752240666
Psi_Y_3	0.27097984862865176	0.14373856595057433	0.0037282507814146437	515.9449781893294	-0.01696061609162015	0.27231560739527577	0.5470797173280767
Psi_X_3	1.0889510571488583	0.11850317918612063	0.002003289326239388	5295.2144581540315	0.859841251681623	1.0891789159960774	1.3239137819967282
Psi_Y_4	0.4032650597291088	0.14872971621292874	0.004328359085336272	355.3024761168317	0.11837468575439994	0.4011252756420003	0.6988847524328634
Psi_X_4	-1.22440228654051	0.11741276134520666	0.0020018893874009956	5052.90330860163	-1.4526804143049659	-1.226152681297712	-0.9944541867001673
Psi_Y_5	-1.1284351933644063	0.1364504792945332	0.0023210222065905275	5109.519907093923	-1.3988380265490328	-1.1311654566251668	-0.8604547763558031
Psi_X_5	-0.10890463571167101	0.12198837932856461	0.0021000535124660125	5262.209886830033	-0.3470063700138631	-0.1082760801361772	0.1310902354284818
Psi_Y_6	-0.15172383226839045	0.13110960763601961	0.002268700349029178	4918.365937237292	-0.4080634915924193	-0.1525345549562615	0.10297487141151739
Psi_X_6	-0.10694358584179141	0.11635540702617209	0.001968465122447829	5234.500936761491	-0.33444615032429953	-0.10683493348610776	0.12215862745184655
Psi_Y_7	-0.4322444782418457	0.1523492514305273	0.005637444014937722	357.47413734187467	-0.7368971001492952	-0.4305492634346717	-0.13723601496739796
Psi_X_7	1.3565631907325102	0.11565751801333826	0.0019788390544024435	5058.824762523802	1.1314214192115024	1.3574593646088389	1.5817068549666964
Psi_Y_8	-0.3049395349243376	0.13492046769616675	0.00278212094099954	1383.806112552118	-0.5691984330035302	-0.30563557953908727	-0.0372201683029464
Psi_X_8	-0.641614945776354	0.11600251602156891	0.0018579563460163512	5430.434140747428	-0.8689830358933616	-0.6411749018881647	-0.41457518251473247
Psi_Y_9	0.7799269179632221	0.2109438388066941	0.01630621479268378	160.39499702573337	0.34425902646280965	0.7889721239763372	1.1652619723755242
Psi_X_9	2.923460540845531	0.1162184490919934	0.002034700387309812	4903.02747046229	2.692296180256202	2.9238439527980575	3.1527367088181224
Psi_Y_10	0.29472689399774643	0.13207808586962796	0.0022864165359665254	4924.2261042519085	0.036964617007175724	0.29354273249597823	0.5576438897803287
Psi_X_10	-0.2247568718626255	0.11575024493597058	0.002051743426806568	5120.667215044484	-0.45398942412171006	-0.2232479425260216	-8.421597728466124e-5
Psi_Y_11	-0.9148749203729141	0.13335734188970347	0.0022885000529120226	5083.120375562945	-1.178148136311979	-0.9135959269368856	-0.658719332234822
Psi_X_11	0.10469891658292575	0.11809309272164187	0.002179260130408308	4961.125782904632	-0.12377894890709745	0.10546000713243787	0.33656856204681646
Psi_Y_12	-0.026361067057239982	0.1400574409544002	0.00329602188884877	1269.5158007030068	-0.30193539345290393	-0.025381274037126332	0.24834901168407134
Psi_X_12	0.785514841779894	0.12060027827589898	0.002028540497399181	5166.858056262615	0.548840112271768	0.7858750867888293	1.020381962291774
Psi_Y_13	-0.26140715202127396	0.14180358243506797	0.0031108882533366676	1274.5382726632884	-0.5405827624623436	-0.2634475952876642	0.01936278216695215
Psi_X_13	0.7858575483715091	0.11747041660014323	0.002020265965517903	5191.494418367274	0.5527019043512028	0.7869945205826909	1.0146456884435486
Psi_Y_14	0.9545894791641198	0.1451368566603889	0.003709168222204626	501.277670645598	0.666754873316404	0.9559075024350583	1.229552606318477
Psi_X_14	1.0450153946895115	0.11772518568567726	0.0019484525728360054	5242.153429297215	0.8122225111859595	1.0442293611874776	1.288008383219188
Psi_Y_15	-0.6534657680017069	0.149448912469649	0.004707508610810696	412.9565432966332	-0.9554764106551416	-0.6516665238930299	-0.36829917506113957
Psi_X_15	1.142731387570462	0.11650737962633002	0.002007698085859365	4914.041254964642	0.9150616776391449	1.1450528812504475	1.3691138544176331
Psi_Y_16	0.17000005329951806	0.13265605028099076	0.0022166887464902586	5291.779682253882	-0.09095957446225061	0.16960712192000757	0.4254481680708801
Psi_X_16	0.04725488486204436	0.11817024993098388	0.0020517805076308336	5132.552344573941	-0.1843933984017197	0.04788151043962873	0.28226612273370494
Psi_Y_17	0.0519407851261461	0.1306278788029218	0.0022391605502040048	5132.080121030352	-0.2036728408963016	0.05159793596508952	0.3034844188816191
Psi_X_17	-0.1698625744604225	0.11518570146818749	0.0019333507299247447	5559.444670326925	-0.3966981180146795	-0.16990289038973294	0.053733767469731485
Psi_Y_18	-0.3196307007509882	0.1397691608244505	0.0031668471252628903	935.0128446121324	-0.5898968400315274	-0.32084621846020267	-0.04372196423667989
Psi_X_18	-0.809608163363808	0.11782808202692423	0.001973859823780158	5304.535725981216	-1.040533815922368	-0.808844512651643	-0.5819199809900814
Psi_Y_19	-0.31739855973809367	0.13601838657431745	0.0025853647639982485	2023.1709182426819	-0.5826725623149004	-0.319544057562945	-0.04592262762295282
Psi_X_19	-0.5524110477167519	0.1180551450188225	0.002015867515410277	5134.971979280163	-0.7886095349447024	-0.5515937123121671	-0.3183930738787371
Psi_Y_20	-0.257829835455578	0.13147749446190826	0.0024126247376561683	4050.210726296374	-0.5119435586845116	-0.2581513751776721	-0.0010435198939992482
Psi_X_20	0.3000080088635005	0.11704247591228152	0.0020580535581194693	5119.117850683523	0.06958036437378289	0.30205730565141475	0.5270286848518977
Psi_Y_21	-0.33732313862312735	0.1437451095918669	0.003231716805818539	632.3946455003537	-0.6130226633693032	-0.3396450577133254	-0.05040163470400746
Psi_X_21	-0.9979235220237764	0.11737742206958417	0.0020464055574912084	5102.096608051747	-1.2253817709835904	-0.9986427204914108	-0.7691993456162342
Psi_Y_22	-0.2221559463695236	0.1382962748988297	0.003434633599593817	975.2077429323712	-0.49707558427148063	-0.21931069622516094	0.04495699899435451
Psi_X_22	0.8416068746767206	0.11587022056966995	0.0018514145720759424	5632.35185736555	0.6131898756053356	0.8419113913341478	1.0692908606361167
Psi_Y_23	-0.018004527954181598	0.1939735375814115	0.009894835077464324	170.12416306304314	-0.4099098940022179	-0.011800795287844577	0.34777003391180994
Psi_X_23	2.564607791865348	0.11794789955626618	0.0020422155934470996	5000.131174646454	2.330481489656374	2.5639936939528445	2.7920326081481726
Psi_Y_24	-0.6769332426834601	0.13207965686194173	0.0021930293368404097	5162.539168453088	-0.9290761593379501	-0.6764348416653987	-0.41631825884909096
Psi_X_24	-0.13892814959592484	0.11724969985809257	0.001969790547620627	5290.852674657005	-0.3634880494417152	-0.1407514856153919	0.09249967937031592
Psi_Y_25	-0.9117694699764542	0.1385229443794435	0.0030389302045684104	1821.32118530377	-1.1766827207329518	-0.912832096641957	-0.6343565614031437
Psi_X_25	-0.5722074829030089	0.1186145828863239	0.002157964195480128	4724.240092256963	-0.8022459806632145	-0.5723033650533847	-0.3388425695748772
Psi_Y_26	-0.9046666989962373	0.12904201076736677	0.0021667291320450434	5523.052018945158	-1.1580570883381274	-0.9043876689577534	-0.6502713589734186
Psi_X_26	0.2426373347632723	0.11404424409955101	0.0018347476307031367	5723.504460208776	0.019361561969035372	0.24253447393395525	0.4640493440932935
Psi_Y_27	0.2843471133226135	0.13955255101284073	0.0030840717785404464	1287.4646639084574	0.012894819687448834	0.28235660730679524	0.5671920537545629
Psi_X_27	-0.7136512463169148	0.11710283363903826	0.002014442709330118	4951.394539393974	-0.9424124887276052	-0.7132208851989179	-0.4842258048922198
Psi_Y_28	-0.25344214741198134	0.1549246473868407	0.004310261034553503	348.7787741683142	-0.5549185061334104	-0.25646332430399044	0.06085931969123448
Psi_X_28	-1.3924062491845004	0.11521164610932824	0.0019440965068582743	5295.362649545842	-1.620503893665367	-1.3927917533695808	-1.1621961179512075
Psi_Y_29	0.24466021279975103	0.1462901824360815	0.004092502397134781	587.2459771535339	-0.04964225864592064	0.24760463316715714	0.5230449960974936
Psi_X_29	1.053351682751506	0.11528696715736642	0.0020730774875160566	5161.931359044743	0.8241961231278901	1.0526462879602825	1.2828305884285487
Psi_Y_30	-0.49019012038307247	0.13210934572883218	0.0022246903972839224	5162.492023477447	-0.7455251021566965	-0.49175774985056053	-0.2309765677171563
Psi_X_30	-0.01506325834648334	0.11564030120976854	0.0019037906576676662	5428.657274002444	-0.24311439523107173	-0.01470748231564486	0.216148617608393
Psi_Y_31	-0.2346768818639978	0.13745562468889028	0.0031404968818885487	1208.4443958596084	-0.5078414765045806	-0.23361560210440843	0.029580677008652287
Psi_X_31	0.7533980146398621	0.11720336180711174	0.002103272350615485	4845.566383321169	0.5242550949580628	0.755205217285194	0.9802557249479883
Psi_Y_32	-0.8385695805139285	0.13375951180062517	0.0025412793912993137	3642.3966893933352	-1.1005894469322406	-0.8393275654961156	-0.5754303964294949
Psi_X_32	-0.4633618898466423	0.1190900931166764	0.0019710727567079926	5194.284042598302	-0.7042764687848545	-0.46305850646479685	-0.23193886159017313
Psi_Y_33	-0.42433637281622694	0.1403394547099115	0.0033031631630315154	818.0443175390185	-0.7068988983656685	-0.4245847852575212	-0.15429397432353048
Psi_X_33	0.819896967755572	0.11686834349978752	0.0019216398568045118	5314.847028665708	0.592388923229792	0.8187402797526709	1.0534629216967821
Psi_Y_34	1.4206284551950983	0.17881574357932706	0.01037460443325859	227.59028879301235	1.0630325847424564	1.4262674909703452	1.757424896499602
Psi_X_34	2.0901394960607425	0.11643624675861779	0.0021136888868612865	4537.188218166391	1.8660416199753225	2.0888878819143537	2.3251927365011076
Psi_Y_35	-0.4089066755838423	0.1331868465970943	0.0027640545655514934	3686.0277715337447	-0.6682149427760196	-0.4084772163609963	-0.14015801816788612
Psi_X_35	-0.4653690924471475	0.11759763795775363	0.0020046365194515774	5061.999042070726	-0.6957255657719296	-0.46555637488075674	-0.23650839144203348
Psi_Y_36	-0.4791345669894849	0.13677006971511557	0.003027185013604476	1482.2487214950859	-0.7520912081904065	-0.4812337225566857	-0.20871526065552637
Psi_X_36	-0.6748136408537625	0.11811430079457672	0.002084397258244949	4927.013237243526	-0.906888959228243	-0.6752613529944103	-0.4431163872539666
Psi_Y_37	-0.4299649301650485	0.13693925293934686	0.0027212128513587515	1427.5769471010312	-0.7027154726376422	-0.42968310339342264	-0.1569975768058136
Psi_X_37	0.626968428444929	0.1193990998227685	0.0020791412847180413	4959.094287575932	0.3913751576788176	0.6277046387311253	0.8563532585113984
Psi_Y_38	0.22498120651857845	0.14235188626445683	0.0032062951179513926	655.8619218350474	-0.05254526373956879	0.22464442852327018	0.5053455202895775
Psi_X_38	-1.0001031365923376	0.11540799984982525	0.0018908037306822	5392.269875430007	-1.2251077884123043	-1.0011775934664997	-0.7720468215903776
Psi_Y_39	0.040238055184342515	0.13932179987536736	0.003274150937122009	1047.2251067072393	-0.24152476382314161	0.043143859950503606	0.30741427377035546
Psi_X_39	0.832003826724749	0.11784844326380971	0.0020120041797167033	5223.746965090589	0.5982481326118254	0.8323234486880793	1.0618232404754249
Psi_Y_40	-0.30188633214212074	0.13588507726369145	0.0024746551424021583	3580.1511245491315	-0.5622679960395877	-0.3026606841525594	-0.035537884009358284
Psi_X_40	-0.4735105722969707	0.11662663618594983	0.0019285533856538463	5309.527614876338	-0.7027707830299941	-0.4735747435816932	-0.24135272601139834
Psi_Y_41	0.1595608497725021	0.13157415330254169	0.0022407342476659107	5229.970035485922	-0.10091692263020399	0.15875674388172384	0.41533849619747826
Psi_X_41	-0.11439807324704399	0.11805949423594585	0.001983455648199024	5326.207531965991	-0.34463548146777256	-0.11399713205540321	0.11541816531194403
Psi_Y_42	0.3236084617989	0.14412567428674922	0.0037727263017548816	550.8599577325133	0.04505964589057596	0.32337272277517126	0.608982651965345
Psi_X_42	-1.0802350134714016	0.11536092079180643	0.0020252598920611313	5016.557059897466	-1.3041948435677795	-1.0811485681967667	-0.8541249269012471
Psi_Y_43	0.24561599493671318	0.16108650623745777	0.006551070882515539	259.50679283106956	-0.07434152063242484	0.2487791876186615	0.5509155396506439
Psi_X_43	1.6760173897290982	0.11510528394905249	0.0020325043841328307	4979.469997851394	1.4503600035132411	1.6758160639389774	1.9046664648031502
Psi_Y_44	-0.15277989797660727	0.14616507363039957	0.0034665033440492428	494.7286929730076	-0.4367368899525902	-0.1554137968637908	0.13486045338894856
Psi_X_44	-1.094797647509119	0.1167510085587114	0.0018998902530856293	5267.716230370025	-1.3211409588256238	-1.094734505554841	-0.8683655762597887
Psi_Y_45	-0.6998543602212389	0.13071535756317748	0.0021768217238783928	5139.87384236994	-0.9565204144330098	-0.6990629606587007	-0.44389856728882304
Psi_X_45	-0.16222887132343594	0.11680780807158422	0.001961364785438369	5137.048179191615	-0.3917047085968493	-0.1624560347142675	0.06759731535333058
Psi_Y_46	-0.58076821040545	0.14143302739482946	0.00348226017547665	635.2442737704927	-0.8584328910616646	-0.5797133157423535	-0.30562996137919246
Psi_X_46	0.9410419299652677	0.11511367081212188	0.0018427514194127692	5504.943080762929	0.715984548872603	0.941928859582271	1.166776909232455
Psi_Y_47	0.07372638140827849	0.13194176306417754	0.002348030641396583	4007.15172981283	-0.18396766781436225	0.07421256248324173	0.3311247567897182
Psi_X_47	0.3718767654058097	0.11659355072410033	0.0021278181344968603	5058.775337723246	0.14590127645369527	0.3734164264535755	0.5990529877400643
Psi_Y_48	-0.5886982091775366	0.16483510380930277	0.008101733982504961	225.8924703575011	-0.9240176493044484	-0.5837133160909367	-0.27985608175029564
Psi_X_48	1.6967185173529793	0.11678487200195214	0.0020082625405442884	5128.007497115871	1.4707635546282247	1.6974941226091025	1.9274895031400894
Psi_Y_49	-0.17155103354268783	0.1313584533505173	0.002248415553160348	5029.1464706621155	-0.4302630619633972	-0.1706596408143089	0.08383041671786831
Psi_X_49	-0.046829764772305715	0.11774122458083013	0.0019506364232801047	4960.509269930772	-0.2788805685658547	-0.04772542757452563	0.1837927346954146
Psi_Y_50	0.47349519147905395	0.14284583729654696	0.0036719188223110007	551.381612725843	0.1892530298789537	0.47350994848896544	0.748964879951633
Psi_X_50	1.0701940566195935	0.11592813822541959	0.001976053372154702	5119.547600882851	0.844988390713494	1.0700391024763078	1.3014300104900711
Psi_Y_51	0.4249231700567354	0.13360147390630864	0.0023261452420845377	5225.658715357274	0.1631107671475932	0.4236029478324075	0.6852237905440692
Psi_X_51	-0.15024464914766056	0.11634423081622966	0.0019020705705362015	5262.310134951465	-0.38032117770640395	-0.15055576645946572	0.07802111893613807
Psi_Y_52	-0.1775500030780392	0.14972604982074933	0.004797927757931528	315.2397539268996	-0.48317834681221405	-0.17341784320815284	0.10801646581006284
Psi_X_52	1.3624278327930646	0.11538495059219374	0.001980920771744755	5323.9293779114605	1.1381522492794989	1.3635097784420398	1.5868767967382884
Psi_Y_53	-0.6819960617269596	0.1376145715753618	0.002850609863884166	802.5644004497839	-0.9533211703299626	-0.6814864645346133	-0.41243225433250214
Psi_X_53	0.758508621447136	0.1152746925585273	0.0018945704428139812	5356.159868939854	0.5327156384738385	0.7589368626404831	0.9766521745498227
Psi_Y_54	0.4251017657328951	0.12988078778144876	0.0023093097422842	5164.27157558601	0.1716242641596952	0.4267947620268191	0.6805503770701884
Psi_X_54	-0.2245042224443282	0.11600965693049926	0.0020345542129192864	5125.471085981463	-0.45067791433589705	-0.22483769377435758	0.0032616173111838227
Psi_Y_55	0.06985644660680276	0.1324803504576847	0.002241386504040601	5133.30165957544	-0.18526412980037404	0.06976670687314869	0.3341221363540593
Psi_X_55	-0.2622039680809823	0.11540657814349131	0.002001572634261063	4925.5734112617	-0.486421161328642	-0.26214705331538424	-0.033201548604600534
Psi_Y_56	-0.13451196055292713	0.136903404954882	0.0029074771556824616	1479.2581688104449	-0.39644248982118907	-0.13509736073017836	0.13616482960356838
Psi_X_56	0.6164971742223	0.11748525278598403	0.0019186613789613685	5256.832486748418	0.38381588626924246	0.6167560592557471	0.8434038799956258
Psi_Y_57	0.06574475395389537	0.1329916394559613	0.002332014510844663	5195.8094680490285	-0.19643695061115007	0.06590936317874588	0.32135366826749784
Psi_X_57	0.03707312862888282	0.11535384604371827	0.0018513587102552249	5497.310771014207	-0.18815837855959588	0.03552131130585642	0.267481319379071
Psi_Y_58	-0.8453967104603525	0.13527750735286528	0.0027694121752430147	3884.9548986458235	-1.1157037136173722	-0.8449137382390706	-0.5790660660929712
Psi_X_58	0.4905466432511145	0.1163319446410657	0.0020102716679020315	5103.892173456824	0.2631414435653037	0.4910721878926442	0.7166416137431229
Psi_Y_59	0.2237928927781283	0.13319897557316873	0.0023685377856121448	4679.687235544224	-0.03903160026463898	0.22432626163681418	0.4865789434696139
Psi_X_59	-0.011850699841779238	0.11639013318740758	0.002042495272358859	5010.200187810216	-0.23950841997458877	-0.011928045976144289	0.21750518073194633
Psi_Y_60	0.1080642706358832	0.13949188543748076	0.0031251918457494954	730.5051690580686	-0.16622836865443408	0.10933874553776111	0.37705287298350965
Psi_X_60	0.8524988409085197	0.11722524524805115	0.0019346456926159154	5344.220284528914	0.6202562592071722	0.8534471469768179	1.087718030613787
Psi_Y_61	-0.44534294982749417	0.1325057508990335	0.002385858879309873	3420.4436826497454	-0.7035566880343179	-0.44545889041281295	-0.180648430294232
Psi_X_61	-0.36137045348043656	0.1169562654421735	0.0020816266953354837	5175.784066845683	-0.5920304537620668	-0.36280777455488367	-0.12865811330488963
Psi_Y_62	0.34440745924569277	0.14108336096826715	0.0033965527113540613	597.4763132534232	0.06576079471103911	0.3454192731637834	0.6172487191957318
Psi_X_62	0.9947904079105608	0.11620562922675998	0.0019812965494395802	5046.0705307411035	0.7661242007374645	0.996122624268609	1.222129497597282
Psi_Y_63	-0.80703114279058	0.1458584722012121	0.003868448246502558	445.7511728349617	-1.0860872524793286	-0.8103311209442343	-0.5155383751368686
Psi_X_63	-1.124483921192714	0.11507638476412752	0.0019409290073674444	5286.335445031305	-1.352736941718608	-1.125696896400642	-0.8983102212889013
Psi_Y_64	-0.32998476871960103	0.1534474718523836	0.005604448304017743	354.09675500726445	-0.6318929402467471	-0.3295339792312575	-0.02654417101673417
Psi_X_64	-1.4352619262865747	0.11573611141443281	0.001962502604337718	5117.006166511056	-1.664885583455931	-1.4364422475953864	-1.205431655334036
Psi_Y_65	0.8203451350261666	0.14606208510881377	0.003968869218239018	536.1225556724579	0.5361977631195617	0.8193578766430254	1.1111189375291957
Psi_X_65	-1.2252150736959968	0.11892743380876679	0.0020083729203093275	5353.045450174547	-1.4642859550317802	-1.2247681050065338	-0.9892595270407399
Psi_Y_66	-0.10420397876194978	0.14271860491847374	0.003632111590635227	530.8732198448196	-0.3882636410540555	-0.10354402080251046	0.17052434833967184
Psi_X_66	1.085793077273024	0.11727602560726096	0.001973949270807688	5041.334815528825	0.8555972539625788	1.0856003288871772	1.31400211609978
Psi_Y_67	-0.060416535404722554	0.16339197010038276	0.007966055739768562	273.73900555458664	-0.39201850686032913	-0.055697714793824044	0.2521277516186674
Psi_X_67	1.6679860147291754	0.11768173695392943	0.0021144016573459486	4967.135503792646	1.4333337410229832	1.6681207482013851	1.8986346560789138
Psi_Y_68	-0.1893275350022191	0.1298613858457096	0.002233605171796457	5218.348246068432	-0.4402007522202955	-0.19049602551971662	0.06596098256331552
Psi_X_68	-0.07095468849680041	0.1152698726664348	0.00197760296737999	5248.743740147759	-0.29566507672217973	-0.07222786660180006	0.15463519291189196
Psi_Y_69	-0.08058574034401907	0.13355119582283834	0.002393231534070632	3886.3303777889523	-0.341119735929654	-0.0826998821834526	0.18420736711889468
Psi_X_69	0.47687770946955993	0.11644759028852758	0.001917471865273072	5317.084227652393	0.2506256694595536	0.4782104811869723	0.7048752989311107
Psi_Y_70	0.22817312647942603	0.17887158552396418	0.013397725141706068	182.3503439367287	-0.12991974041639165	0.2316709458930034	0.5626755232070413
Psi_X_70	2.12355398679654	0.11536994670365308	0.002003544125565077	5017.54866937418	1.8995233775304046	2.122845167726106	2.351146994846243
Psi_Y_71	-0.10474201357674998	0.1497627838213896	0.004467711286805532	357.66417934433866	-0.4043174897451106	-0.10499497137020877	0.1822969246132743
Psi_X_71	1.3042309390662068	0.1166481998172631	0.0019744276906924698	5268.510338475114	1.0751836653361198	1.3057119361872018	1.5295648304433924
Psi_Y_72	0.15443958749334782	0.15020964901985884	0.004325139184420689	397.4802390123588	-0.1493488987915344	0.15786569357343852	0.44055478697253597
Psi_X_72	1.4149427131939787	0.11572664275327423	0.002136417519833645	4727.701566068489	1.1841343290804962	1.4147601249145554	1.6414490618470134
Psi_Y_73	-0.36523344396887814	0.13375078591452508	0.0024076950235319616	4685.20369710743	-0.626382942330038	-0.36646803956680896	-0.10026560776346646
Psi_X_73	0.28576095066595725	0.11808259516684014	0.0020052063635954912	5192.982694668781	0.05504546378383463	0.2850637095879677	0.5186220301619213
Psi_Y_74	0.07067442750943821	0.13732292564290727	0.002535080869209021	4674.206469755285	-0.1994332142013434	0.06925850950254889	0.3439624721702355
Psi_X_74	-0.35355951819421283	0.11819786846972116	0.0020264577372540297	5049.0721893140735	-0.5818002119163419	-0.35406395394927925	-0.12056797076933443
Psi_Y_75	0.195503960000952	0.13405806416470722	0.0023255991956791133	5240.5120231177625	-0.06657572405028968	0.19559670118287004	0.4610649011077931
Psi_X_75	-0.1084590713502349	0.11921599845789613	0.0021299676089884343	5094.09166971423	-0.34484869019486997	-0.1084945957226961	0.1269484666094499
Psi_Y_76	-0.08175149960314719	0.14210325011961328	0.003664945393595463	696.621029733318	-0.3575564991241419	-0.0807489115930782	0.19751202530955717
Psi_X_76	0.9640795465783714	0.1148142185416123	0.0019153121594667926	5352.46313924145	0.7348869464347203	0.9632406658629158	1.1864421361576876
Psi_Y_77	-0.05026104807552588	0.1660336598608657	0.0051626752660528	236.3917418340179	-0.3895558145784836	-0.04410172147569553	0.2649481515602713
Psi_X_77	1.7694451183298767	0.11818236776193458	0.0019178453112932874	5650.94119088089	1.5354301484192994	1.7692222517725225	1.998619542664938
Psi_Y_78	-0.30411162916520945	0.13331458358135945	0.0025195814543426936	4254.64214914685	-0.5588617586870956	-0.304348705923345	-0.04474151336682847
Psi_X_78	-0.18886723406933567	0.11611854349771544	0.0020367606498655714	5004.387864898483	-0.41780331513785834	-0.1889545337885326	0.035458320268976044
Psi_Y_79	-0.31080529265961776	0.13605491587609675	0.0026996854723084747	3214.3455693927403	-0.5726164776273915	-0.31124600097824906	-0.039098435403480965
Psi_X_79	-0.39492808533773316	0.1167498006823424	0.0018658559781417512	5584.697170399191	-0.6241139634384493	-0.3947465457737879	-0.16559169438150093
Psi_Y_80	-0.4505600870682783	0.14641072445096345	0.004099664821876514	408.34613447816633	-0.7487394121525625	-0.4474488283314575	-0.17647810501007424
Psi_X_80	1.2657332528875032	0.11475816681297077	0.001924747939793908	5260.674369181692	1.040284328923391	1.2670607337223765	1.4857693344421237
Psi_Y_81	0.20853961041794125	0.13423847092885896	0.002318524593062005	4981.763320950822	-0.054806635579582055	0.20958040304464154	0.4712809775092456
Psi_X_81	-0.11527935977616648	0.11686103307989507	0.0019578891955130667	5198.608416642135	-0.33827377116708734	-0.1155022567078445	0.11742873638172072
Psi_Y_82	-0.7828949554874277	0.14733835649962013	0.004731632645350503	432.7171683886783	-1.0779882828816973	-0.7817461928667522	-0.49570389891254446
Psi_X_82	1.2764775636048595	0.11979181155246517	0.0021560151793818772	4764.486625891205	1.0365136115004518	1.2758835415883385	1.5109573204900224
Psi_Y_83	0.7830946395405871	0.14082839925640878	0.0033549331824823028	1187.8169226662253	0.5107950722294504	0.7817068931178603	1.066342395918644
Psi_X_83	-0.9098031898033856	0.12006760819658413	0.0020089702559187733	5037.911630125247	-1.1469713941639856	-0.9096066087976089	-0.6739856654607698
Psi_Y_84	-0.050008050964059386	0.1368195509711682	0.002753975205724951	1559.4377982252308	-0.3236143004587534	-0.04802841149736185	0.21144883205871387
Psi_X_84	0.6633849634968749	0.11718083055057774	0.0020695807357688457	5037.6194011064945	0.42733922309053163	0.6633713066682051	0.8880677244153667
Psi_Y_85	-0.38143880880747605	0.14523350295804402	0.0037714056161905845	548.0838209401168	-0.6780825140644193	-0.37746049934505427	-0.10412885524191659
Psi_X_85	1.137729338209441	0.1155992935502621	0.0018817493057602232	5496.492289454941	0.9149834343026446	1.1361566879432807	1.3630469460353174
Psi_Y_86	-0.17424097448031708	0.14295933607461433	0.00412793575876384	601.068346380276	-0.46802481549818725	-0.1727806990738718	0.09592293864186258
Psi_X_86	1.0300645199118301	0.11538339837054438	0.001948681985385385	5291.847570623028	0.8055607504624103	1.0294363545879435	1.259705797087701
Psi_Y_87	-0.2738076079384094	0.1512648865235829	0.0036661858840675524	604.4137759209137	-0.5656610803933805	-0.276894479008981	0.02846659888077704
Psi_X_87	-1.0080068637526254	0.11696433741271975	0.00196133797201578	5211.926020048919	-1.2342544236968875	-1.0089944222129632	-0.7804968340761351
Psi_Y_88	-0.25899753288568883	0.1339139162882325	0.0023492592278448487	4735.118717477049	-0.5226438196561191	-0.25787420339483896	0.002281714494784113
Psi_X_88	0.043575498212487865	0.11768013455498748	0.0021033350802407867	4862.357396166414	-0.1845811988448619	0.043803206734933736	0.27563310714018074
Psi_Y_89	-0.19479064517038808	0.13389562717017098	0.0024886839015629634	4075.231272208944	-0.4596167983335583	-0.1944810119862195	0.06475257046757822
Psi_X_89	0.30600783097606704	0.11693890278866552	0.001976880586680951	5232.425068728906	0.08314725785745566	0.30635977023032235	0.5316727920835786
Psi_Y_90	-0.2150573768761501	0.13763041245783367	0.002709090378369815	1769.8539822252815	-0.48584221457742216	-0.21534239174660275	0.055314239981095276
Psi_X_90	-0.5279165947233073	0.11553340651750942	0.0019073267339917307	5559.519812267517	-0.7538530716690839	-0.5282900716046115	-0.29990886157775065
Psi_Y_91	-0.7962062889134165	0.15468202940834583	0.005266385694096729	346.49516689554343	-1.1090299487548834	-0.793118389083173	-0.5079830805380472
Psi_X_91	1.4672602387050468	0.11529887792366465	0.0019538769980223998	5256.366003410277	1.2424377692906443	1.4693450936063384	1.691154023640296
Psi_Y_92	0.2872210137523557	0.14169448055509162	0.0035019534770994575	929.6472063537833	0.01244177241062332	0.2872218660367667	0.5653168012508594
Psi_X_92	-0.9260134411402239	0.11709235941775578	0.0018855415728269826	5614.318265661816	-1.1580754547027259	-0.9246182384088137	-0.6988424110167312
Psi_Y_93	0.039056937702914254	0.16005917299589076	0.004494343236114088	229.93909989453994	-0.2647830886506922	0.03411211412027208	0.35919032108985627
Psi_X_93	-1.6543912446599198	0.1172612531816297	0.0019859881133704833	5206.00160660061	-1.880656895640408	-1.6550878372801188	-1.430206812747144
Psi_Y_94	-0.5857959954514996	0.14919103203244888	0.003835555475229764	522.2530296061335	-0.8697350463782472	-0.5898456435154158	-0.28412813820769717
Psi_X_94	-1.1645601459151127	0.11700090663619593	0.0020111045878693982	5054.9049455132035	-1.3942832894307597	-1.166391165067565	-0.9319501001701934
Psi_Y_95	1.0736627172011657	0.1390558830995383	0.0023398304897819444	5183.861397893109	0.8060173642883424	1.0739995599811296	1.346256143897834
Psi_X_95	0.2170810667270829	0.11986723145925503	0.001939514916202459	5460.95639616946	-0.014908893388708976	0.2161271272972219	0.45223602094370746
Psi_Y_96	0.14631241221321695	0.18699392981966487	0.01302833190650831	146.61433110002966	-0.24769099101847564	0.153150690888856	0.5005900479921458
Psi_X_96	2.362129404705196	0.11522490834335443	0.0020343800121402147	4931.773821899153	2.133337051994457	2.3639490349755565	2.585723247820622
Psi_Y_97	-0.8277900118015755	0.13884675909782387	0.0033298193654428014	892.3311722176257	-1.092655228009385	-0.829720642448738	-0.5507022121293176
Psi_X_97	-0.7842301473045646	0.1166794903857501	0.0020552915329823894	4886.631634917476	-1.012997401077285	-0.7833936205080212	-0.5530263074897668
Psi_Y_98	-0.011089595289850795	0.1320982221198619	0.0023192248173244234	5209.516122141735	-0.26925219811963164	-0.011595373060910137	0.2504494742198163
Psi_X_98	-0.040128920073416695	0.11830397317359341	0.0019389866114248194	5517.498266557252	-0.2749780179508519	-0.037544326444494666	0.18718212230802966
Psi_Y_99	-0.04063229477429147	0.158739310641285	0.0050395143302956035	290.2845038400112	-0.3676863630214527	-0.03643815866663639	0.2562013128925494
Psi_X_99	1.6452346323814167	0.11662888578232551	0.0020118559344819756	5157.5653195879695	1.4192452406036018	1.6456358180616375	1.8724929049823131
Psi_Y_100	-1.1376968620468706	0.1326053089346651	0.002374671149027936	4863.340834468488	-1.3973019260692026	-1.1367851883599385	-0.8798721610044375
Psi_X_100	0.36264435676505796	0.11663229357168013	0.002026877927830708	4895.343531318329	0.13846963594245307	0.36230640023945027	0.5963261004817443
Psi_Y_101	-0.7073549988086764	0.1342526005512869	0.0023720479804691737	4872.5712091102005	-0.9707912488495599	-0.7074905288851295	-0.4427173760116793
Psi_X_101	-0.2288311817997708	0.11484950965119597	0.0019391930111259475	5474.2485578487085	-0.4547573404677399	-0.22954240528433023	-0.009778962416683237
Psi_Y_102	0.608945196703004	0.13152757394403547	0.002279731562672264	4231.923655615941	0.3542577184871993	0.6097248449072455	0.8626635882652745
Psi_X_102	0.22491656527780907	0.11591302253535835	0.0020323001236097022	5151.144169310319	-0.0016383801995564103	0.2256017515279341	0.4494333755257756
Psi_Y_103	0.22365246825363796	0.14545282055848466	0.0036992849344034988	557.4103209566381	-0.056313372508622866	0.22281320010675565	0.5124123732317609
Psi_X_103	-1.1361299272934788	0.11506543766871084	0.001984894071501997	5047.086641541259	-1.3612013984625333	-1.135962636634931	-0.9071867605753166
Psi_Y_104	-0.04310023968167816	0.14444209533103927	0.0035457130802617875	490.3643150942271	-0.32486869786436345	-0.04389352091310425	0.24758955888420217
Psi_X_104	-1.0631243034594484	0.11605257851018255	0.0019296029702589076	5333.515393448294	-1.2901698208176566	-1.0644368195078098	-0.8336069285675021
Psi_Y_105	0.3119955296831681	0.13934127589372988	0.0034366826832288476	922.8159386677947	0.04227778032533752	0.3113825019167802	0.5877555140129475
Psi_X_105	-0.787519931680118	0.11758031854194056	0.0019193233562040679	5334.126225872504	-1.0153894589349834	-0.7891609024496462	-0.5557451672077189
Psi_Y_106	-0.5290906878460333	0.15761085614060394	0.006333537020359533	326.433297145247	-0.8462809429852292	-0.5251458357815257	-0.22774970043415385
Psi_X_106	1.5828867803843025	0.11570673890143854	0.0020067689240278615	5128.456544751328	1.348189666879631	1.5834748302926263	1.8065522502776021
Psi_Y_107	-0.30705488647538504	0.15648097311767004	0.005573459575138541	272.07190285681554	-0.6215565564860351	-0.30453538313048906	-0.005173040350265195
Psi_X_107	1.6098338347211483	0.116085976022964	0.001994730097067768	5108.366055832531	1.3866441310121727	1.6097726948793698	1.841198723140777
Psi_Y_108	0.018527607691021075	0.14028159802353138	0.003149417204318229	861.116338389947	-0.25171415696922655	0.017960501922341096	0.29735766198447877
Psi_X_108	-0.9213522510766669	0.11738438557454571	0.001953371259413879	5224.156926782272	-1.1516093702978967	-0.9206939353857027	-0.6921999952270872
Psi_Y_109	-0.07456563452662653	0.13682205014919796	0.0030265540241961294	1608.4088293844968	-0.33922299803857325	-0.0760716299979476	0.20003606088851922
Psi_X_109	-0.6292519995281645	0.11821390458992521	0.0020123338655364197	5102.547973158044	-0.8578832364190346	-0.6299718830835834	-0.39594821153614784
Psi_Y_110	-0.06818661247831179	0.13767118121062713	0.003012936899218168	913.989056576603	-0.33138512650740026	-0.070482383580103	0.20710152593200643
Psi_X_110	-0.737487498750177	0.1182927875688587	0.001989431069276708	5099.028469085027	-0.9718534039048069	-0.7367008480748394	-0.5069254578717272
Psi_Y_111	0.15041614030819037	0.1355098630809145	0.0025997555400105385	1585.234555176411	-0.11265720401265139	0.15150867846942817	0.4147838499091374
Psi_X_111	-0.5363686001746591	0.11515635999527947	0.0018991486498470909	5404.208713937554	-0.759531875622682	-0.5370828558517647	-0.3057646356467135
Psi_Y_112	0.3844181761613847	0.14011784499546392	0.0033530421974959095	784.4247533710422	0.10494359725060326	0.3861675218099371	0.6523361864525136
Psi_X_112	0.784675318677528	0.11848059609777216	0.001997334344949698	5259.9961286101625	0.5557662748105778	0.7840945583791672	1.021421263793246
Psi_Y_113	0.06371099539104674	0.13725003954106543	0.0027039596879430993	2325.5635548394475	-0.2042655133589915	0.06444253055588345	0.3306625857600879
Psi_X_113	-0.5052094899046204	0.1183498417280489	0.002023066378606698	5726.477802870416	-0.7417877572863631	-0.5037483556374589	-0.2735043445039076
Psi_Y_114	-0.755135763268258	0.13389557502452948	0.002343498195241933	3437.6137787593366	-1.0125630011747693	-0.75806653683237335	-0.4899911546227104
Psi_X_114	-0.3436832063650092	0.11923474318677105	0.0019540319256822754	5353.356726562848	-0.5785082677473301	-0.34220718647595183	-0.10945083057209548
Psi_Y_115	-0.12649017820426628	0.14182750630000748	0.0030225143819178884	863.1777581746508	-0.39821633539493434	-0.1292663750268369	0.1486011069084195
Psi_X_115	-0.8481199077631814	0.11555397327720764	0.002150356874322393	4727.984909860395	-1.0767645788879088	-0.8477795366832	-0.625182309592598
Psi_Y_116	0.046216596424902084	0.13327775221377283	0.0022205383489469948	5141.385091642416	-0.21503717526868565	0.0457025625746125	0.30508609194067887
Psi_X_116	-0.022370999740848555	0.11645865864345974	0.001971486378865682	5125.410759569351	-0.24677282152524393	-0.023700218503294172	0.2076375310498552
Psi_Y_117	0.2529640736255486	0.142538437691817	0.0032344873760654	878.9045405103121	-0.023790075524917326	0.2517968627045316	0.530854450181904
Psi_X_117	-0.8449427032235285	0.11497845225188211	0.0019381109163215961	5281.685508105066	-1.0663805006644722	-0.8457975047704552	-0.619271611759728
Psi_Y_118	0.15474008456394545	0.16137820748897846	0.004782377302600513	322.16127284274467	-0.1679227572711801	0.1579167141244759	0.46280837507787764
Psi_X_118	1.5497059721295554	0.11775500157510628	0.002029601827777402	4970.287584000096	1.3172474580783247	1.5490723202676566	1.7795649261886934
Psi_Y_119	-0.24420525889673134	0.1372455716332205	0.0026574373616703993	1343.108974342883	-0.5132048226617166	-0.24388705999787647	0.02874519499265399
Psi_X_119	-0.7019290757071627	0.11683053853658917	0.0019333981224794537	5321.779649159721	-0.9310381063505835	-0.7017465525061892	-0.4722094353220502
Psi_Y_120	-0.8746372924706128	0.13412098440821046	0.002436244139657146	3588.961423194227	-1.1368591117252025	-0.8764241100715398	-0.6102593781964555
Psi_X_120	-0.4112722084806526	0.11427199025649991	0.0018148780207589178	5631.979234233032	-0.6337393159605368	-0.41196054344447597	-0.18985930936612883
Psi_Y_121	-0.22691840245203118	0.13623543068125046	0.00281447080429179	1427.7018447267174	-0.5032524819583701	-0.2252621266856135	0.039717106699929165
Psi_X_121	0.6588957473890074	0.1165344271580459	0.001966030450139971	5363.041151542416	0.43207623244890014	0.6586570623695776	0.8823459943233527
Psi_Y_122	-0.03839900372694711	0.16505060259188997	0.0055351382676152704	218.44314519010283	-0.3733134212388008	-0.03526355686964472	0.2734219142620127
Psi_X_122	1.8355022101250127	0.11644339970068827	0.0019637540811498016	5288.47994064977	1.6101377306460183	1.8344601037278985	2.0628660912835968
Psi_Y_123	-0.12847268821839486	0.1513245134112622	0.004772602307788852	384.3876619543959	-0.4199054993398881	-0.13115483343794912	0.1766553910428411
Psi_X_123	-1.3351893041043017	0.11819637094284526	0.0020030926870808646	5123.470357142684	-1.5680789460043887	-1.335316802639408	-1.1027908264706876
Psi_Y_124	-0.7859674825450952	0.14524408709525796	0.0038948581347609127	618.6953309271275	-1.078227531721751	-0.7833207623513331	-0.5093108526195238
Psi_X_124	1.1381790542015486	0.115330938515256	0.0019331825988562468	5379.358300391798	0.9128662518571692	1.1377851791471576	1.3633237667752842
Psi_Y_125	-0.2938010052172869	0.13371494286861646	0.0024403060848128405	5182.951144681027	-0.559897762897158	-0.2940578289961888	-0.03279459703559501
Psi_X_125	-0.315310960583375	0.1167359415867283	0.002060236331539435	5061.086779648837	-0.5388920526898564	-0.3166831122324209	-0.08139458256608156
Psi_Y_126	-0.3938216957508049	0.13774171093574586	0.0026572457540170727	1622.779236098463	-0.659579528011273	-0.3942286477919228	-0.11962232344299832
Psi_X_126	-0.5933026785739608	0.11708035758598212	0.0020032325385182567	5055.571164352398	-0.8249665374121387	-0.5930168287876185	-0.3651818125233205
Psi_Y_127	-0.4255739218476446	0.13465921558150123	0.0023971490005593923	4937.376942457026	-0.6893551087715563	-0.4258051472465933	-0.1575755395501644
Psi_X_127	-0.364949873022861	0.1192963207337035	0.0020673533811526017	5114.5593777460235	-0.5908040563538267	-0.36465971043521445	-0.1282827185140998
Psi_Y_128	-0.3900937175848101	0.14161497643277246	0.003195384909214576	984.2262555619321	-0.6644406830911265	-0.3926090513789353	-0.10388285161678039
Psi_X_128	-0.7520709447991109	0.11958555484788944	0.002057954053030374	4915.175361732301	-0.988038988188092	-0.7518173719206551	-0.5153991667378808
Psi_Y_129	0.1569964002661206	0.15492270320825116	0.005455887556136961	321.2761033540589	-0.14351570392301868	0.15292946709346586	0.4647337591047998
Psi_X_129	-1.474467076699827	0.11760812238770715	0.0019546142828581205	5186.770940048653	-1.7027027299164863	-1.4746930130056801	-1.2428544737878868
Psi_Y_130	0.8436440525808847	0.145950005445067	0.003744684767486566	404.2357765572161	0.564263744923935	0.841621222270146	1.1352337147604834
Psi_X_130	-1.1927496171580176	0.11622336062597777	0.0019027248491355559	5316.621623353486	-1.4187901021601805	-1.1921427646964102	-0.9682234911137949
Psi_Y_131	-0.36114664263095547	0.13304872050568173	0.0022645018102641413	2525.441187233039	-0.6220832084720881	-0.35971771335286845	-0.10367939790659655
Psi_X_131	-0.5056906209740063	0.11625495212286019	0.001832479726987399	5827.37515254718	-0.7337721521714403	-0.5065164562400151	-0.2762364980685103
Psi_Y_132	-0.21344656029434114	0.1369016697679046	0.0026653687476996995	1345.1682165099653	-0.4786609142668099	-0.21329257247346867	0.052911743948800515
Psi_X_132	-0.6189216071606541	0.11827523932449473	0.002046288169626544	5558.477571325522	-0.849672983885137	-0.6186201371559292	-0.3880530555866417
Psi_Y_133	-1.081206244708965	0.13037494534842906	0.0021832078795393857	5208.660107483524	-1.3346087478004753	-1.0799168040103837	-0.8305596333866951
Psi_X_133	0.03843772303538402	0.11698896086492214	0.001933181788641524	5341.434827270649	-0.19307915621030025	0.040231349687229565	0.2607659146847832
Psi_Y_134	-0.6374955651274324	0.13480646035461655	0.002629188479475349	2431.100954273567	-0.9029027509400711	-0.6368908912758884	-0.3758429374976881
Psi_X_134	0.4510952340574753	0.11481745629087815	0.002041306977209696	4797.218104682567	0.2255262341142149	0.45061326451264966	0.677841872704592
Psi_Y_135	0.6772377367039265	0.13293094360541435	0.002395867719775185	3228.1144691276136	0.417710006431334	0.6767881682512498	0.9396211070706211
Psi_X_135	-0.45987550993241594	0.1171989644139194	0.0019899378879477503	5229.1353395218075	-0.6921189807360492	-0.4595010046800949	-0.23169117912055234
Psi_Y_136	-0.24957086293835512	0.15918813392820014	0.005161045115366873	272.0795286737303	-0.5713837478239854	-0.24483077638730041	0.05532319225217625
Psi_X_136	1.6474892744076555	0.11517832467572553	0.0020053019645425653	4789.405757563636	1.4237582403995261	1.6468986713133669	1.8753594589037081
Psi_Y_137	-0.6252870757541136	0.15102790587223971	0.004498979479707134	404.55406273094275	-0.9270751779276997	-0.6237568293694644	-0.33582907379650434
Psi_X_137	1.435385235563073	0.11488099890603228	0.0019093233191974778	5270.671308926341	1.209928551833989	1.4349960937120367	1.6576752266769157
Psi_Y_138	0.10947903582140317	0.13753256048395704	0.003392325487416878	1491.2728128822685	-0.1561247412019609	0.10981209005453822	0.3826829557134645
Psi_X_138	-0.7506520526263831	0.11702680267017974	0.001901548999302119	5374.666526847045	-0.983305093455208	-0.7503397377934309	-0.5239648452475795
Psi_Y_139	-0.38435518873283014	0.13312444961677433	0.002466916533437547	3981.7654789157577	-0.6427937988349801	-0.38443547896771507	-0.12285180167086567
Psi_X_139	0.3772491157511399	0.11793854227312836	0.002046936975514179	4882.666437569831	0.14453350025006287	0.3771392990168806	0.6080090122125436
Psi_Y_140	-0.1137375607912474	0.13358131858006123	0.00243055320447719	4733.8266211587115	-0.37069829521361797	-0.11408405124259093	0.14855931005020104
Psi_X_140	-0.34801198643413694	0.11638898750300099	0.0019894470355717392	5197.8376443344005	-0.5806713667308077	-0.34719991296551367	-0.12381963996197594
Psi_Y_141	-0.670935555564462	0.13734498706502432	0.0028976337106448686	1857.1624112358645	-0.9349194373039653	-0.6733791327020184	-0.39956466314123745
Psi_X_141	-0.5704952780661275	0.1191407336518126	0.0020898344379319924	5526.368402503484	-0.8001830711199018	-0.5715545419699772	-0.33505381143177543
Psi_Y_142	-0.5647814223135834	0.13558803581243722	0.0024399871095929677	4873.574400868547	-0.8311126813824945	-0.5658083765150073	-0.29728794760343885
Psi_X_142	0.38701184100159186	0.11868514538742937	0.0020491700980310446	5130.824509675386	0.15821685165800714	0.3869990783099545	0.6191870854013265
Psi_Y_143	0.2648709150630333	0.14712391965299695	0.0035576681368897157	525.3556415301887	-0.022421443131504584	0.2653212667223519	0.553892580381433
Psi_X_143	-1.127552616208796	0.11947397166474165	0.0020483698248583474	4737.706319147931	-1.3602729422592987	-1.1271449881668296	-0.8920681883180441
Psi_Y_144	-0.26487528163999297	0.17106221037764607	0.009194417640059297	165.6754471962094	-0.610711485878908	-0.2624217649414562	0.06153291575046812
Psi_X_144	1.986373931438942	0.1150202971066883	0.0019248458502938999	5109.441528613829	1.7661047922846262	1.985369096542168	2.213549043289152
Psi_Y_145	0.5176177312780652	0.13182800540019654	0.00235771766420549	4833.760044055428	0.25978129731050975	0.518775610605706	0.7779605994043157
Psi_X_145	0.06082212122263558	0.11568701419281897	0.001912932085474539	5336.032439065286	-0.1663224797552672	0.05907662696946443	0.292484066991526
Psi_Y_146	-0.27630552882060583	0.13916914790482873	0.002922434390816866	2219.862721671241	-0.5471123881383422	-0.2769950394642625	-0.0020809921854285022
Psi_X_146	0.6735905898764812	0.11596079788303996	0.00187711656886978	5664.146195059339	0.4497025063033685	0.6743982859535573	0.9016781679191311
Psi_Y_147	-0.3286561924588559	0.1301905014562703	0.002239434666361816	5010.405881870805	-0.5855158806614358	-0.32755576086411875	-0.07388752192835117
Psi_X_147	-0.0038929218237894357	0.11448257484150384	0.0019198699867292582	5415.849253883601	-0.22707812444968647	-0.0031108705758376744	0.22005053163324564
Psi_Y_148	-0.40135141593818646	0.162457983057836	0.005844220798504629	328.4532165243377	-0.7111914209286411	-0.40515866187049565	-0.07441951212380689
Psi_X_148	-1.4610539734214014	0.11819034209226902	0.0018959927442963047	5565.212054720603	-1.6930536400750154	-1.4593647754391275	-1.2280020650728853
Psi_Y_149	0.049326831099738115	0.14897587871284768	0.004056673182302135	468.1388723910662	-0.2417949976396291	0.047021576292153644	0.3479621008178992
Psi_X_149	-1.1478776958421657	0.11851021239215774	0.001983374077627104	5278.611399522125	-1.3834346722012603	-1.1465417854765996	-0.9192413687407857
Psi_Y_150	-0.5577262694013922	0.1629472732212091	0.007382159079224563	287.92146299510676	-0.8851344492886223	-0.5538039947276097	-0.24307599694898413
Psi_X_150	1.7117293449371074	0.11530124192122923	0.0019460209208974678	5361.293689579727	1.4862338252419716	1.7118561032512885	1.9358733105896697
Psi_Y_151	-0.23518814150934075	0.1304056260271821	0.0023561797566736633	4109.580627130397	-0.49152231500782584	-0.23546298654262343	0.019702135706850792
Psi_X_151	-0.36061796194655915	0.11397081395595071	0.0019358244517350101	5052.624009009979	-0.5827495754778184	-0.3603250681420911	-0.13982163128344824
Psi_Y_152	0.49296725083468873	0.13195591838657492	0.0021937958077963772	5266.99590853487	0.23491222244258544	0.49462505293913533	0.7493263193467581
Psi_X_152	0.06942915438169303	0.1144246508717429	0.0018748395122415015	5289.9754013287875	-0.16173615294816712	0.07186925039194943	0.29100172345227326
Psi_Y_153	0.4803546454390869	0.14913750002939402	0.0048915872827293315	405.0760873158727	0.1831902442838862	0.48176155960886424	0.7761512238569637
Psi_X_153	1.3359393960865127	0.11588387194654305	0.0019468341673113735	5189.667195432434	1.1106490923402015	1.3363910619105024	1.56248916613413
Psi_Y_154	-0.3502887314851898	0.15278358727750158	0.0055148310877265955	368.5621803750615	-0.659297332649779	-0.34794133942768274	-0.05655477860239613
Psi_X_154	1.4936136388541188	0.11356177935198318	0.001945648012079601	5093.357896781773	1.2698166584509905	1.4926476499337948	1.7151409980021264
Psi_Y_155	0.1664086983556798	0.1390156549933192	0.003500863048923465	974.2046237145552	-0.10437460076318412	0.16574003220887878	0.4393109065091959
Psi_X_155	-0.7953524857320653	0.11697485761205209	0.0019053840767432378	5621.560872470586	-1.0209718132534251	-0.7962274256526132	-0.5647324921416508
Psi_Y_156	-0.1310026313135254	0.13422446683941738	0.002601201039367704	3820.413025591584	-0.39002760440111944	-0.13308740045295658	0.12993414760117408
Psi_X_156	-0.4032284116525719	0.11669727573268732	0.002056290549140209	5166.375464325479	-0.6340149415765762	-0.40352264998256926	-0.17258874059041876
Psi_Y_157	0.018365763585244846	0.13511945210877824	0.0022382791954169705	5291.072766847823	-0.24877698490079977	0.020133274770193943	0.28404639250597474
Psi_X_157	0.07776754601244701	0.11627647309370948	0.0019245114837632001	5335.775296557195	-0.14619633651538078	0.07683099727363896	0.30677296592759223
Psi_Y_158	-0.5791768970629435	0.13245818469513052	0.002443532289084045	3107.5445326138465	-0.832130197712474	-0.580428494880063	-0.3137973240511648
Psi_X_158	-0.3536356900774817	0.11675924020748824	0.0020719294203057213	5077.27577552622	-0.5862943174709242	-0.35302923162007677	-0.12323138631177945
Psi_Y_159	-0.525422066839685	0.14291041789151912	0.003742844479595049	599.0315297043653	-0.8113056262620322	-0.5232644665772805	-0.25062281727369873
Psi_X_159	1.0642098677929965	0.11560587131131476	0.00197296143534488	5297.38955672444	0.833967319411417	1.0658245703703333	1.2871721845028683
Psi_Y_160	-0.41647335403931496	0.13528055179559936	0.0026343185306920533	3808.187324436613	-0.6802903423070099	-0.41646672028118503	-0.1457677016208333
Psi_X_160	-0.4151092885421934	0.11705764811705122	0.001989986202695259	5354.9316868699225	-0.6482606215395641	-0.41351062393855825	-0.19156964626593187
Psi_Y_161	-0.48944584422499615	0.13265028180383914	0.0023240761189808933	4826.574555564036	-0.7491160465132074	-0.4895429924306719	-0.22907016089479287
Psi_X_161	0.14365178158060898	0.11794891643487469	0.002035508627209202	5054.171261224594	-0.08784653332530724	0.1435524024526751	0.3744076650910023
Psi_Y_162	0.15738349498700663	0.1509793106668044	0.0038976128525839778	277.4942955332485	-0.14764812196747534	0.1595375931622133	0.4482700925563605
Psi_X_162	1.4190146175562959	0.11610686780413756	0.001931200773738122	5293.78584986237	1.190711576920517	1.4189949405666153	1.6467406680675294
Psi_Y_163	-0.16685858445331495	0.1412774355198278	0.003223035322323777	569.4021204589772	-0.4364754529785912	-0.16993241947479862	0.12274817046588367
Psi_X_163	-0.8918946447483995	0.11835172860330054	0.002055066735468208	5229.574831593621	-1.1222796382074236	-0.8920734710608504	-0.6641957745127282
Psi_Y_164	-0.8505180676753836	0.13251112520995958	0.0023098609111725024	5082.582581355153	-1.1062886785498853	-0.8533525018040806	-0.5878430432606229
Psi_X_164	-0.2815264976674722	0.11632102811285908	0.0019429641863694831	5351.283343615594	-0.5124564576920647	-0.28047358857064486	-0.05395995924388748
Psi_Y_165	0.3260918881575529	0.14440500340997445	0.0038375352484517553	552.1116666750563	0.03447249610739579	0.32828758378367084	0.60147261441192
Psi_X_165	1.0604461722510354	0.1179765030024351	0.00195717197291194	5205.411845038933	0.8283182296406699	1.0600942271667484	1.2922550277286824
Psi_Y_166	-0.018355170357004024	0.13269788002540195	0.002332139646845572	4907.0131612659925	-0.2865161312470877	-0.01830264525695702	0.2398984177131702
Psi_X_166	-0.14106564467412316	0.11709134092212238	0.0019676417328439648	5026.987012259631	-0.3694890846304602	-0.14040590402201855	0.08427798463564504
Psi_Y_167	-0.2849264226731636	0.14961077984506987	0.004736054325879755	402.8308791201368	-0.5672953133881324	-0.2884309525997325	0.014558736911871553
Psi_X_167	-1.2131192102113106	0.11773156871947724	0.0019260318315189617	5620.516448235576	-1.4456447145224942	-1.213677581912266	-0.9807544620712485
Psi_Y_168	-0.2243538993796104	0.13091803300348878	0.002155656301655233	5521.531193864945	-0.4789312877786984	-0.22495803840427672	0.034354641265501015
Psi_X_168	-0.10759686077101949	0.11599055064306762	0.001971172029621869	5367.327771646911	-0.33723020213756705	-0.10482069547451921	0.12198110873345715
Psi_Y_169	-0.35608757087275433	0.14043189181139826	0.0032275258818204393	888.7775286244569	-0.6317728779680104	-0.3534493642171094	-0.08882786891382055
Psi_X_169	0.9127269010407533	0.11778525343444482	0.0019414779651433641	5398.444805942486	0.679002099144784	0.9133522761319349	1.1439084084529643
Psi_Y_170	-0.047635186121751355	0.14619972022286024	0.003643880372295782	498.9890586683684	-0.32543207142712005	-0.05007996936598137	0.24500777642669727
Psi_X_170	-1.1167186174647061	0.11774475479033937	0.0020221094833060937	5374.157440193092	-1.3402393939854884	-1.1173992899769707	-0.8840712545203965
Psi_Y_171	0.559607918244911	0.17510764661800127	0.006677477846258324	190.20600189411633	0.20807876762658414	0.5670636522257462	0.8904957418614846
Psi_X_171	1.9341775245011918	0.12000678962503773	0.0019822161774621988	5211.7949817730905	1.6992643918046264	1.934423044831668	2.173128101799422
Psi_Y_172	0.212075221370875	0.13907877529923648	0.003431915234777571	1049.8516115123698	-0.05080810091595558	0.21012164198250427	0.48737462618886673
Psi_X_172	-0.743869526192672	0.1165489808001242	0.002017346513792867	5214.9180031400665	-0.9679380149342298	-0.7437331060179166	-0.5127201143820614
Psi_Y_173	0.1967726122513138	0.1341203246048919	0.0026162255454471282	2540.153912046219	-0.06569478938550342	0.19478340454284537	0.4658523294456355
Psi_X_173	-0.5195636328597015	0.11682116429192294	0.0019007297263796432	5497.2858819616995	-0.7512783177524794	-0.5206298534328485	-0.2917515611942953
Psi_Y_174	-0.12634122048041319	0.18179545523170648	0.006788301865243964	162.1676171881671	-0.5034557903347036	-0.1208050306892706	0.21437159805382774
Psi_X_174	2.2947631790400576	0.1180295019096264	0.0019450637482822228	5232.540229769205	2.065180984104807	2.2936664699447378	2.5283625983710736
Psi_Y_175	-0.9453450157447414	0.13045716748505393	0.0022316566228935985	5763.256504556469	-1.1970157738656446	-0.9450051746543564	-0.6908999017680452
Psi_X_175	0.07374276696511387	0.11493097642180797	0.001943490494861145	5260.533368249828	-0.14762901889941446	0.07368158244933913	0.3020371078126617
Psi_Y_176	-0.5289443899463497	0.13458285084602847	0.0025547713358038274	3275.9611908586985	-0.7903088051626795	-0.5290813035182285	-0.2689806856393434
Psi_X_176	0.4691058254910325	0.1149663998560087	0.0019194299154749893	5205.995451872205	0.2415693429526289	0.46905112031575547	0.6936499127731413
Psi_Y_177	-0.4856362009594616	0.1440452511249052	0.0032236716543843397	595.6226808458588	-0.7586540096852858	-0.48792884649099244	-0.1932780293433711
Psi_X_177	-0.9271452969443778	0.11794962383530637	0.0020350039224058436	5062.613827533394	-1.1580961221743367	-0.9271401997424047	-0.697772929197891
Psi_Y_178	0.32154425831950245	0.13414205847080202	0.0024006313314710102	2496.6854749684494	0.059579675412863124	0.32444048761041056	0.5764171443003585
Psi_X_178	0.5256015130245267	0.1164670882645952	0.0018035610147051275	5811.817855661887	0.2965045928173155	0.5257428508541064	0.7532992026327128
Psi_Y_179	-0.2850383800331282	0.153784055931396	0.0048391503803279666	324.0691329177917	-0.5978874716298215	-0.2817550952276963	0.008710350726356729
Psi_X_179	1.3664275848238336	0.11687235843210828	0.0020634498849380085	4889.920916730724	1.1374136816131097	1.3661719029762458	1.59588451055844
Psi_Y_180	-0.2607374262293695	0.15923370102130496	0.005956722488435705	258.34467121327276	-0.5714876945216477	-0.261930942091349	0.05521737088143065
Psi_X_180	-1.639159436044738	0.11609996183713205	0.002024903836472639	4615.25349086422	-1.864710312946179	-1.6385522212547659	-1.4119049148982958
Psi_Y_181	-0.2985075542194471	0.1533914987331825	0.005175638270234972	372.94660715186274	-0.6009924718017835	-0.29616284182343944	0.004007299203879553
Psi_X_181	1.461216432983995	0.11788199268094911	0.002004448317653771	5164.798308988678	1.2321700246289924	1.460246295944943	1.693402211589372
Psi_Y_182	0.379226334803382	0.13762573915074025	0.003196745913589774	666.7788234881874	0.10832789141928993	0.37782142054772877	0.6558816500301242
Psi_X_182	-0.8806395111321627	0.11867618043364303	0.0020591862435516413	5260.977067792281	-1.114071305647024	-0.8817596936879393	-0.6489483726407446
Psi_Y_183	-0.2914487499831115	0.13144562325237158	0.002164264579253741	5295.447363343324	-0.5503697284314871	-0.2908199480705153	-0.03531326639794128
Psi_X_183	-0.16849275663371538	0.11495476782831132	0.001893579557964182	5339.447786031827	-0.3976811261610536	-0.16901265280529065	0.05224873475697575
Psi_Y_184	0.11145462057109307	0.1300186275359753	0.00221769066190813	4702.677407869556	-0.14546645892814847	0.11130541731769983	0.36706804923133796
Psi_X_184	0.241452576465958	0.1145924932464032	0.0019084476224039317	5173.539433639946	0.013418039404123453	0.24278372121466307	0.4627939008912775
Psi_Y_185	0.0980164142060298	0.13114628645899484	0.0023351104201825247	4905.389755275285	-0.15969144923133516	0.09803765201228765	0.35451209136464007
Psi_X_185	0.31455558354390123	0.11533254990436334	0.0018962826196930623	5480.832889138081	0.08771615316614911	0.3143367638410606	0.53992391498489
Psi_Y_186	-0.514801222045067	0.1310919212256086	0.0022911414382748153	4845.566037606355	-0.7756246431014936	-0.5131857359884551	-0.25903178726003934
Psi_X_186	0.23408963822683093	0.11847480048888318	0.0021172288750562454	4808.881298025538	0.0033115982490172363	0.2323879415652762	0.47129594186463675
Psi_Y_187	-0.38069092008255795	0.14511663229087482	0.003414605488895803	716.2879020095329	-0.6672536003546978	-0.3809073848632095	-0.09278182474931701
Psi_X_187	-0.8887099230082053	0.1168800499316242	0.002042350429558142	5046.5939408363065	-1.1171147075657155	-0.889390930687352	-0.6611630180929554
Psi_Y_188	0.5928621648992004	0.13655507907035877	0.0027627085938952928	2053.5521021052677	0.329525204528969	0.5902639942382446	0.8657233861411434
Psi_X_188	-0.47957698150071115	0.11687094597066884	0.001943557324144527	5096.886437902106	-0.7118606714781194	-0.4787581024114075	-0.25324202159557946
Psi_Y_189	-0.14298735520875971	0.147774576486088	0.004209536218165398	472.41054839419957	-0.4383284134597259	-0.14228346560880006	0.1465951233239897
Psi_X_189	1.1270334300415477	0.1163657330194437	0.0020646568970209694	4747.590494312549	0.903228088958875	1.1269835182259824	1.3503740842458514
Psi_Y_190	-0.6100339367237411	0.13351718254328304	0.0023061407500204914	4975.263869680387	-0.871102990068473	-0.6097414444267872	-0.34356305420029976
Psi_X_190	-0.22512217879586402	0.11695265437234326	0.0020586468264368447	5225.77835943435	-0.4583682161328555	-0.22545780448716204	0.004235076370221481
Psi_Y_191	-0.09319786914630301	0.15784590349041225	0.004921844674022383	261.3867554115323	-0.4091642075931481	-0.09047190140289876	0.21545614201311608
Psi_X_191	1.434497344039995	0.1147936843493687	0.0019768453789578873	5352.598452757521	1.2146362907506147	1.4340390701960195	1.6595765199236359
Psi_Y_192	0.9114550643748915	0.13481085009481428	0.0026670734940086624	4196.927566251483	0.6501806485034355	0.9097517665201664	1.1822640437864855
Psi_X_192	-0.3696161675288297	0.11773235081036369	0.00201210886579901	5309.528803631064	-0.6007303044426681	-0.36947834494088305	-0.13765186453580494
Psi_Y_193	0.08717545488666924	0.15529900116318346	0.005156606250297316	294.1010193174035	-0.2284640219469414	0.08945622153260191	0.38522720130551186
Psi_X_193	1.50827109383805	0.11902968360528195	0.0020487921752941974	5081.952328674632	1.2718856742829496	1.50793990953145	1.738769013782879
Psi_Y_194	-0.15996096657490344	0.14191705346523714	0.0032743211151749435	807.6448641320516	-0.4340465404622508	-0.161101025545565	0.1239078714664192
Psi_X_194	-0.9359366463977682	0.11653648343547789	0.0020501237972619067	4857.301145273985	-1.1685208017320203	-0.9349495173973349	-0.7073664765596709
Psi_Y_195	0.5672405833977366	0.13278104027391602	0.002578433438450853	4191.359097896966	0.3096054874142653	0.5681091896347963	0.8295418979257345
Psi_X_195	-0.32197783084090764	0.11610552478008794	0.0018738518165958102	5451.155623563219	-0.546298489046942	-0.32310471363745663	-0.08943409720555318
Psi_Y_196	0.2894084601148989	0.1651418398565749	0.007644802548298397	236.0642977575038	-0.03773664128345396	0.2957606783155743	0.5991118185092221
Psi_X_196	1.8262127060362052	0.11758862578640622	0.0019991509592434172	5233.199455224035	1.595389838844413	1.8265983996164021	2.054775164132888
Psi_Y_197	-0.13462993111197616	0.1367731609729874	0.002852224267934721	1587.1071667659835	-0.40584925505480135	-0.13462581887023634	0.13337045319569094
Psi_X_197	-0.6370087822507691	0.11616161436943297	0.0018260852453092042	5567.552186622825	-0.8622612222222465	-0.6380206952164404	-0.4029542244078606
Psi_Y_198	-0.9319162043142745	0.13361931099803823	0.0023703845807132085	5030.536670608525	-1.1898125952918561	-0.9316119584140633	-0.6693411239316474
Psi_X_198	0.12416719546435752	0.11680294904947666	0.001961570605937765	5153.443860116169	-0.10832141057928002	0.12422741916585225	0.3529321069181566
Psi_Y_199	-0.3381736234107202	0.13658124195808732	0.0025003046353422385	4039.984734323132	-0.6053593030363453	-0.3394063187042639	-0.06990777730557089
Psi_X_199	-0.27079203063717466	0.11593384192071837	0.0019346051118447108	5394.743190205094	-0.49426847408220265	-0.27023298006744634	-0.04298270251923982
Psi_Y_200	0.44406514207222386	0.13428806930346474	0.002291220086210783	5145.200271425282	0.1844489077799678	0.44271746262351747	0.7145374945954852
Psi_X_200	-0.2940328423958722	0.11683728033317618	0.0019379570441158615	5107.628915112174	-0.5224161898076118	-0.29506577942470547	-0.06421737504733854
Psi_Y_201	0.5847350921474761	0.14365961737680322	0.0033437669525695516	687.8939853428648	0.29482013473277746	0.5887985729293612	0.8645868695274569
Psi_X_201	0.9809511186158886	0.11792981637055067	0.0020267864054172653	5015.47985992336	0.7531641154466987	0.9816838657676279	1.2123944717664246
Psi_Y_202	-0.5070675655050314	0.13257066585479685	0.0022960622221363134	4620.450905240856	-0.7644880471962501	-0.505824341775021	-0.25145702376258683
Psi_X_202	-0.2045643506301887	0.117760489576775	0.001925426766459451	5482.26354130002	-0.4309060575256961	-0.20558388219746854	0.027936299901790976
Psi_Y_203	-0.7789354154302258	0.1372869325248243	0.0028136438839885436	1557.3537387876413	-1.0448857797100082	-0.7787413965308043	-0.5083439780580782
Psi_X_203	-0.5691486577122586	0.11484167524604341	0.0020002482214250953	4904.175378157695	-0.7928077546224526	-0.5695988429816626	-0.34229540115493434
Psi_Y_204	0.49475956999725956	0.13416841028237822	0.0023181783775546817	5144.482367356674	0.23196937273443494	0.4962676118564529	0.7599364102845899
Psi_X_204	0.23374861119885276	0.11603858864779738	0.0019148000439826562	5179.25213784789	0.004929006670710413	0.23266216779354768	0.45892752308447937
Psi_Y_205	-0.2772704349522025	0.13825304490829654	0.003031939323934159	1218.0426718446279	-0.5430473240553431	-0.27858058710544653	-0.0010218645203267237
Psi_X_205	-0.8513529628080111	0.11842176495573388	0.0019735176783261038	5322.017482134764	-1.0791055888195575	-0.8515937886154558	-0.6185271986815463
Psi_Y_206	0.10923334810269321	0.16786487364057645	0.00879711568736566	207.58493433304452	-0.23468303175555127	0.11418535662971084	0.4243063184307243
Psi_X_206	1.8477867715153955	0.11593648553331698	0.0019658861977427415	5213.386660391317	1.618291928780763	1.8485375227286052	2.0722468259324813
Psi_Y_207	-0.16781625914308657	0.1699040623500367	0.0072381051131501	197.55231889102603	-0.5120077518831778	-0.167154483717038	0.1573747760014114
Psi_X_207	2.014498586228019	0.1168376197578287	0.0019867943943498744	5183.871680923829	1.7840419252437711	2.0149995206451066	2.243423772201973
Psi_Y_208	-0.46800081270010047	0.13664658156390952	0.003167811132059719	1065.5752873978815	-0.7382609701113708	-0.46645378332641396	-0.2038073486358386
Psi_X_208	0.6935375379692076	0.11528066407502591	0.0020105075212990867	5127.4305223165175	0.46892254739185557	0.6933618353789646	0.922103613348571
Psi_Y_209	0.13823605641999318	0.1311833848478755	0.0022301683743586233	5494.7978787464945	-0.11996975398472957	0.1398442923260632	0.3937187082318253
Psi_X_209	0.06665565977861455	0.11724486872524488	0.002023774689542177	4915.76082860894	-0.16813123494595097	0.0673823126584903	0.29338380124099145
Psi_Y_210	-0.6367290656223478	0.13711828677366697	0.002730567419537725	1532.8992386963284	-0.9000995526134238	-0.6364583256248195	-0.37077944739559315
Psi_X_210	0.5877990888899283	0.11634330487856555	0.0019346725275108756	5291.612172983408	0.3575524852330981	0.5857825604436975	0.8198505159245797
Psi_Y_211	-0.5366909486005453	0.13513155775790853	0.0025476293301179924	3132.2812594129928	-0.8010951009225423	-0.5364929056124472	-0.27144998882863225
Psi_X_211	-0.5291627089659027	0.11815133904095938	0.0020496993443087416	5082.208460703311	-0.7590474497756667	-0.5290112075575951	-0.29745123847337973
Psi_Y_212	0.7983952843333351	0.1559081567987872	0.004368348940709012	284.33599540989013	0.49769036537560474	0.794968812604296	1.1129447149731069
Psi_X_212	-1.4211415875995561	0.12333868942383494	0.002075580453704019	5286.431245422413	-1.6640659256995987	-1.4207891361693803	-1.1812858385431826
Psi_Y_213	0.19862464050227446	0.1737574767944789	0.007517628120568093	179.65019640229633	-0.15574489879581635	0.20186960565804857	0.5349755039260257
Psi_X_213	2.0600090112677027	0.1157637967676428	0.0019637069951673374	5057.092880737249	1.835301314980042	2.0603111014259827	2.2864082228013696
Psi_Y_214	0.11949036661085961	0.13711260556302177	0.0027735000456378905	1294.5837999189653	-0.14582785335922127	0.12033100890353564	0.3908745717735511
Psi_X_214	-0.7567573508185694	0.11913992446601318	0.0020592559787745005	5119.198963680057	-0.9902144852747857	-0.7550011631890738	-0.5233927276135784
Psi_Y_215	0.36994832048147086	0.13768722903076824	0.003176720346566136	1256.2836725810728	0.10409945229260861	0.3681575699987687	0.6444005302006658
Psi_X_215	-0.7646828893831007	0.1152191548484032	0.0018813825485547253	5384.725347031333	-0.9920526659552605	-0.7644273239900571	-0.5360891687722145
Psi_Y_216	0.23213619535274135	0.13181003263150187	0.0023465217595171595	4936.449045037439	-0.028197275128472366	0.232439666122904	0.49290714655016615
Psi_X_216	-0.11333320164647674	0.1180218357618687	0.001992136715606355	5347.431448989907	-0.34376315408631314	-0.11354664165467843	0.12072047511981047
Psi_Y_217	0.05066592200490714	0.1310874479287994	0.0024039112565592147	4674.0089449535335	-0.20627801194887918	0.050053594035153345	0.3104613649337153
Psi_X_217	0.2111714805416566	0.11676499192651321	0.0020136817795460443	5016.588027847976	-0.018307332447781006	0.21140619963953128	0.442764767196152
Psi_Y_218	-0.08739389204565408	0.1366765615951619	0.0023834283189911247	4962.572224329726	-0.3489110518298837	-0.08845074019102839	0.18819942336961773
Psi_X_218	-0.10221323395248802	0.12127916354913254	0.0020215030781785084	5191.475952131424	-0.34077706738593294	-0.10206348272380925	0.1354971843360375
Psi_Y_219	-0.05154781915145241	0.13345909463245995	0.0024786693737359014	4991.045208326307	-0.313850847564636	-0.05179397262580486	0.20541889938980357
Psi_X_219	-0.26400446103264263	0.11674114427759877	0.002109581640955676	4795.428162763864	-0.48930677803580047	-0.2654959420498797	-0.035015772972373876
Psi_Y_220	-0.2403288779689294	0.13579431262603145	0.0033394380870213603	731.7314784226529	-0.50948746971628045	-0.24042587096961215	0.0220588179714925
Psi_X_220	0.8267738329374927	0.11572176407744904	0.001916830643829603	5414.179310675699	0.6026633184450363	0.8260919690193559	1.0575604532893363
Psi_Y_221	0.2541096240233905	0.14415420790633449	0.0035059362147407402	414.71521745562984	-0.027623787414489426	0.2555378242857783	0.53589974598750445
Psi_X_221	1.1185656186390318	0.11647587705085108	0.0019130243963856421	5442.533806896168	0.888459485363175	1.1184110101096252	1.3449075738007772
Psi_Y_222	1.2037614657027695	0.13709177448076615	0.002829655603588669	1847.3966232886128	0.9398856927733652	1.2034774005180933	1.4770016109769462
Psi_X_222	-0.696481932596038	0.11708630946254914	0.0020405002407349777	4855.301439061714	-0.9249509793827795	-0.6972190390698194	-0.46920535178141637
Psi_Y_223	-1.0085498048980628	0.14115045165839799	0.0027264126876583787	1516.9364718204665	-1.279377545068738	-1.0099896518817708	-0.7296739051507805
Psi_X_223	-0.6249991105031705	0.11966635089302	0.0019764117805408533	5325.385610528434	-0.8559711611668239	-0.6259249352681016	-0.3890216760909357
Psi_Y_224	0.12980723845051434	0.1409182934836176	0.0035786487208320033	1209.959424765969	-0.14141132681373408	0.12773750496794112	0.4137640068751659
Psi_X_224	-0.8410884811983333	0.12209787989077836	0.0020649486814143868	5230.121327995879	-1.0813389430506288	-0.8393439296765272	-0.6038732041684862
Psi_Y_225	-0.08117755807437027	0.13209042422334358	0.0026562763273325937	3847.054847716803	-0.3369822927822078	-0.08261691283375557	0.18138876863272707
Psi_X_225	-0.44038605765373084	0.11715653994356745	0.0019254906189202627	5311.64135934516	-0.6768635513270543	-0.43967231815581825	-0.2119318452346663
Psi_Y_226	-0.31642389951672256	0.13107113806148143	0.00236509981247197	5199.155247177895	-0.5704439842056264	-0.3160550017343842	-0.05944505450152158
Psi_X_226	-0.30769660600032656	0.11612754314839056	0.001950211447086377	5120.1385533965995	-0.5335209490249734	-0.3082491964769578	-0.08201637822588928
Psi_Y_227	0.1943092623890202	0.13939761278325322	0.003286850147011921	647.4981290827996	-0.07491939446378089	0.19645603363591005	0.4674408639736249
Psi_X_227	0.9213323077942915	0.11565186011348032	0.0018887224607304649	5361.027226292484	0.6922708573771845	0.9217489907504914	1.147026027249395
Psi_Y_228	0.2990210418052295	0.13865770065925268	0.0030754779826115118	1100.152833321697	0.028762232640337754	0.29878927132056277	0.5748992649239436
Psi_X_228	-0.726616207733423	0.11647524624132205	0.0019619043018244413	5220.91161977043	-0.9560950625449046	-0.7255691694672028	-0.5001612897867849
Psi_Y_229	0.30731158423070803	0.14870616668084294	0.0045934309156983166	571.30392714697075	0.018459180481589652	0.30352658247614334	0.6043634299236628
Psi_X_229	-1.228841900169063	0.11753530166674066	0.0020466518650055195	5206.847192057431	-1.4620616380880038	-1.2274417440113135	-0.9997751737433056
Psi_Y_230	-0.4493754509572218	0.1316783607718279	0.0021535878413595443	5327.108137462895	-0.7046134935521409	-0.4491299647840128	-0.19187089220663292
Psi_X_230	0.0590748063226655	0.11531431793611205	0.001879699387278215	5396.090525407437	-0.16822262409706998	0.057722834369956275	0.28778591039123963
Psi_Y_231	-1.0358786703795466	0.14859995514059987	0.003838195988026645	355.15789726882105	-1.3232776459584645	-1.0385623224636173	-0.7397825557834332
Psi_X_231	-1.2157375050529466	0.11839220849061448	0.001963601406975072	5435.58506423379	-1.446696441511606	-1.2154597642656455	-0.9836952540436766
Psi_Y_232	-0.14579932764855436	0.14551123975119448	0.004641296063745061	421.9807176503257	-0.4416392767016347	-0.14152197673042077	0.1327454545494779
Psi_X_232	1.1500232299482753	0.11469632938386745	0.0019469693315793738	5262.106314845661	0.9244613882929967	1.1506627290765317	1.3719362044061847
Psi_Y_233	0.30647700984611975	0.1333277950267733	0.002568729264907782	2470.9230785993595	0.042143950657817106	0.3072312257691236	0.5626079828055831
Psi_X_233	0.4189148765240804	0.11980427317796598	0.0020864303383040456	4987.124412685435	0.1819741944950496	0.41963539974312347	0.6490656214873973
Psi_Y_234	0.03324560935017159	0.13095612060210549	0.0021481102754550476	5537.458344199381	-0.22519439390918455	0.03381439736031326	0.29320733594814835
Psi_X_234	-0.1392272079209576	0.11713823339045754	0.0020095401244943113	5267.447221212349	-0.36662473998634004	-0.13823910119846688	0.09289777432594062
Psi_Y_235	0.4464979354346658	0.15250103840573734	0.004673351822093398	374.99260819746536	0.14047404411680903	0.45051692749592087	0.7359551377734241
Psi_X_235	1.2816741744072844	0.1150505406585083	0.001991640507496672	4898.553033439745	1.0564965567640028	1.2817455340892303	1.5075988305423658
Psi_Y_236	0.3822764740564135	0.13390163519078813	0.0023427026434821576	3831.6438331559198	0.12341141653836439	0.38251966614290034	0.6432677467677517
Psi_X_236	0.4362281281588214	0.11936643609055127	0.0020448595176685252	5186.112789215909	0.20142055218416405	0.4377953325455282	0.669098711708419
Psi_Y_237	0.46091935206275814	0.1432207966475388	0.0035808170915516027	515.6576228230851	0.17062569960162283	0.46415704986972794	0.7373167556713407
Psi_X_237	1.1175113887346266	0.11477531587501216	0.001863996384234541	5581.362725551299	0.8917417065602082	1.1171920944443658	1.3445164065464625
Psi_Y_238	-0.4907233813593022	0.13311899098855837	0.002367759465328475	4843.365107520095	-0.7560284822638832	-0.49015769309890306	-0.23320011544652053
Psi_X_238	0.26619619903366293	0.11546620173064602	0.001859867035519332	5326.944168415108	0.038429776491351444	0.2664883836280715	0.4893921665629225
Psi_Y_239	0.53676951234665	0.1502128700480017	0.004519824420640855	347.4119936832096	0.23577470210482723	0.5370882478200887	0.8307653902791102
Psi_X_239	1.3191243876215257	0.11490915334214169	0.001967726821189931	4961.251725639648	1.0930503668638998	1.3182907216108164	1.5436495530847838
Psi_Y_240	0.15422932667517267	0.1387574583153131	0.0030487789812309574	599.1907476096677	-0.10847168380448477	0.1527727040660335	0.43276271031990887
Psi_X_240	-0.8975622750692994	0.11681852540907597	0.0019423054397502708	5227.289551890187	-1.1230890164453897	-0.8984135109359457	-0.6681304447506158
Psi_Y_241	0.37779715504508343	0.13181546919911635	0.0023566116712031584	5301.684628237772	0.11849078451349059	0.3798684556441149	0.6325770727302811
Psi_X_241	0.249203046003725	0.11797063967832172	0.001923306670053957	5302.940993267864	0.019868922218356233	0.24914561329042678	0.47963450534223057
Psi_Y_242	-0.5067687473843255	0.13925204658892418	0.0027167613916489136	2360.234365224512	-0.7785362996298053	-0.5086496282469282	-0.23175455920725158
Psi_X_242	-0.6277067952709446	0.11921917282951468	0.0019912328968453136	5145.850364390372	-0.8644380255342164	-0.627566944796335	-0.3956323256581277
Psi_Y_243	-0.8677465987069171	0.13348191383348806	0.002374639162125013	4759.286416044156	-1.1349614529121947	-0.8669451685035764	-0.6129128569068342
Psi_X_243	0.16202273588417404	0.1175153351476084	0.0019340643833580867	5304.471152066331	-0.070130273718283	0.16216969824038202	0.38892953032146854
Psi_Y_244	0.1155690834369095	0.1501746359860228	0.004682319806156452	368.5911305766469	-0.18367292842928576	0.1165797451905181	0.4023861162411848
Psi_X_244	1.3786740051593593	0.11504280567062874	0.001982149885823302	5288.59371698009	1.1524857092432912	1.3789506285559363	1.6058396080096449
Psi_Y_245	-0.12568655871104759	0.13561311635784037	0.002665208218843646	1709.5131323938178	-0.39526823664369937	-0.1253117204185875	0.14012482036440516
Psi_X_245	0.49248280279875134	0.11771408775104507	0.001994006239001685	5119.171373462045	0.2599931989496261	0.4921358535720666	0.7210919196995285
Psi_Y_246	-1.0618774167844143	0.1459013080542276	0.0043354097212918155	586.1464235539205	-1.3565830461599755	-1.0607145077666233	-0.7808915714355857
Psi_X_246	1.1062836253165829	0.11761103570858138	0.0019969915634663	5178.387417899328	0.877511994825192	1.1066453303701642	1.3354771006605817
Psi_Y_247	-0.2756436005616707	0.15191957211070195	0.004381190341960138	351.8521798717058	-0.5655524940810559	-0.2784046227638091	0.030070329759645187
Psi_X_247	-1.2961739174822804	0.11709229365350021	0.002010635732556789	5126.992055247377	-1.5263527815928246	-1.2954065931097054	-1.069053110798927
Psi_Y_248	-0.0819987976715754	0.13494931498656543	0.002336618452635422	3472.235633699884	-0.3430923313908819	-0.08203804962910403	0.18442749941556402
Psi_X_248	-0.38312312228524764	0.11778987253731422	0.001969094825484401	5431.827672866153	-0.6112399553635505	-0.38344926073782903	-0.14997325417844307
Psi_Y_249	-0.3220750097467214	0.1406516610898617	0.0028832642190778977	996.6938334113331	-0.599510834279929	-0.32396522874035627	-0.04818678567243929
Psi_X_249	0.7378928795274866	0.11813284213144079	0.00195214010716399	5155.126240358722	0.5071330989567584	0.7371302219806013	0.9743731547211318
Psi_Y_250	-0.06008223029343692	0.14405064399030745	0.0036580076199445805	564.3452729866149	-0.3338281267916982	-0.06097249693421353	0.2280087629336169
Psi_X_250	-1.0196733759234218	0.11471674306006469	0.0019959493216849047	4969.512774695698	-1.242560521494081	-1.0190623852907592	-0.7957986523213474
Psi_Y_251	-0.2625626320491095	0.16142024448457415	0.005162262699756157	237.42567656717256	-0.5914287396644701	-0.257810500911681	0.042151644778487624
Psi_X_251	1.6244511162686472	0.1151884404663338	0.001923276696801682	5184.190380748972	1.396586478212472	1.6259350381475146	1.8518985123076446
Psi_Y_252	-0.1842196117480251	0.1435144375370773	0.0035127617382930522	755.3469701503083	-0.4657372667484824	-0.18290714973271277	0.09589061297801205
Psi_X_252	0.9768648447379341	0.11555706677010892	0.0019187315386268997	5427.124766715505	0.7506758171651123	0.9765606094388402	1.2046913289232577
Psi_Y_253	0.42613567745226394	0.14161730957082164	0.0032991992331384144	565.1539427428029	0.15023660608632836	0.4243893114230141	0.7056503084249283
Psi_X_253	-0.8727325090194461	0.1181620692399014	0.002022429374845721	5372.9754316511035	-1.1022734040912492	-0.8737343010488405	-0.6406706481604987
Psi_Y_254	-0.1592106602678593	0.13030158405282738	0.0021633619882085718	5558.946969886118	-0.4118828442804471	-0.15982205692348841	0.09382336773989618
Psi_X_254	0.1502854228674073	0.11831171736515356	0.0020261761414240046	5207.981506968384	-0.08518359607682936	0.1521764809726288	0.3796211759891995
Psi_Y_255	0.47198183525025844	0.14568157897809983	0.003849961259388416	647.274094724158	0.1911478671693213	0.4700785539841834	0.7576614401896035
Psi_X_255	-1.1435784863728342	0.11435962189857107	0.0018325508737531135	5417.704397693206	-1.3678200497112956	-1.1414864635271644	-0.9231923815473169
Psi_Y_256	0.14262311353386914	0.14351604354680378	0.00344672951342564	542.303464455225	-0.13615354361152263	0.1411427234067124	0.42458287895881114
Psi_X_256	-1.0386221657479617	0.11673974536759486	0.0019927635053802674	4919.925715199083	-1.2626124860324621	-1.0377876595247497	-0.80685937389656
Psi_Y_257	-0.2841540190241939	0.13880355286226653	0.0030592905087836373	875.3880481495399	-0.5554635514891333	-0.2826498483278088	-0.014506684630735074
Psi_X_257	0.7836888114614662	0.11602925270360367	0.001981187246088204	5337.888906913495	0.5548767923963116	0.78304180125615	1.010547178347882
Psi_Y_258	-0.7579909959732087	0.13483069365392655	0.0025747634768518257	2644.5095586485522	-1.0244152235965105	-0.7574559984190573	-0.4981859114299735
Psi_X_258	0.47806582566890093	0.12122797867895412	0.002108002591947509	5403.794572167081	0.2438742811430703	0.47750140647435746	0.7165553864328161
Psi_Y_259	0.2958195311197072	0.15094104777884793	0.004586668611575226	332.5390209186815	-0.0015483444619507913	0.29833110621302106	0.5890756905140545
Psi_X_259	1.2849775251638451	0.11597693684445676	0.0020323251155699206	5087.966539954048	1.0561245890864595	1.2854287874258394	1.5126706362978986
Psi_Y_260	0.20961839964725607	0.1367395056136521	0.0030264298168054624	1460.3252097064485	-0.05457075730462286	0.2105718341501322	0.4781753649930049
Psi_X_260	-0.717444775906213	0.11628616720230016	0.0019810464476586395	5219.183122645131	-0.9461620456859287	-0.716700090727185	-0.49218889784212116
Psi_Y_261	-0.588540295668445	0.13447744141962942	0.0025476937772345447	3448.471157200718	-0.8551362799839839	-0.5884490839637131	-0.32494276264242855
Psi_X_261	0.3839833192043514	0.11584130791638796	0.001901177151836666	5226.497861989413	0.15981420166955837	0.38388626082399974	0.617817051057961
Psi_Y_262	1.0583097310047171	0.13195520011289066	0.002221797635069982	5125.977018659126	0.8045402398690421	1.0582996813098746	1.3150168790920254
Psi_X_262	-0.2396597303315789	0.11753284721521066	0.0019976609460387136	5057.23358175898	-0.4692438842373666	-0.23998047043314252	-0.01167473094070063
Psi_Y_263	-0.3353110073150267	0.15226559724201957	0.004804721613741083	455.8904186523691	-0.6337274695801625	-0.33430609261617866	-0.043282180857401605
Psi_X_263	1.3012437267083417	0.11686109637415992	0.002061150569715821	5172.783299451899	1.0738402372392524	1.3012718548589337	1.5295639126382674
Psi_Y_264	-0.5543412661767131	0.13826211124269092	0.0035057230059496527	1022.1502032146785	-0.8171312610714184	-0.5568194671070936	-0.2778847087499555
Psi_X_264	-0.6988918357390819	0.11621803454180137	0.001958592544758576	5145.7035174352895	-0.9237355125334445	-0.6993965767080768	-0.4696956680423354
Deviance	4630.638917521166	34.79539583762411	0.6642713841302474	4353.7059659954975	4564.803957216229	4630.147073794275	4701.326693666668
LP	-2963.8156245796704	17.442888672061866	0.33055648274068233	4388.7672098189105	-2999.425638056055	-2963.75808728835	-2930.4472671921135
LP.unc	-2955.170426868097	17.38191437290046	0.3256268309129665	4456.996687144421	-2990.8393111099413	-2955.1219338293367	-2922.031212625288
LL	-2315.319458760583	17.397697918812057	0.3321356920651237	4353.7059659954975	-2350.663346833334	-2315.0735368971373	-2282.401978608115
PR	-640.6268715868162	2.1892982687644276	0.044808254229986584	1787.776123350473	-644.9337687748485	-640.5989421431109	-636.4312746363883
HYP	0.7759034793023383	0.8084455514156964	0.037868064052635764	917.918628255805	-1.0134114715456282	0.8391042086798371	2.1418368649371895
